timestamp,actual,Persistence,Seasonal naive (week),ARIMA+Fourier,LightGBM,LSTM
2013-12-16 00:00:00+01:00,441.67255,499.63754,404.45886,449.41915275771964,488.74087929032777,450.2279
2013-12-16 00:10:00+01:00,419.49042,441.67255,366.4887,424.01468755782776,436.36916352563344,390.84497
2013-12-16 00:20:00+01:00,459.47592,419.49042,351.14746,398.80027759242876,401.25858103983666,357.71506
2013-12-16 00:30:00+01:00,376.8823,459.47592,353.12787,398.11804679790066,412.55806332504585,385.00507
2013-12-16 00:40:00+01:00,393.06085,376.8823,310.04678,364.7975994137307,378.4509551010669,353.84302
2013-12-16 00:50:00+01:00,399.1571,393.06085,276.0485,359.92445991414024,359.4395594168711,350.5219
2013-12-16 01:00:00+01:00,285.94077,399.1571,321.27213,349.59305534548184,360.2882731977864,352.21912
2013-12-16 01:10:00+01:00,386.73553,285.94077,331.42557,303.72283820026746,328.3690283961062,293.24533
2013-12-16 01:20:00+01:00,393.29654,386.73553,303.57333,324.0243780717617,344.18540335121844,325.54218
2013-12-16 01:30:00+01:00,306.3335,393.29654,303.76266,328.6327322499046,338.1777759860847,338.4326
2013-12-16 01:40:00+01:00,378.2484,306.3335,289.24283,312.43851621175236,330.21208477867117,297.28714
2013-12-16 01:50:00+01:00,379.74503,378.2484,286.38397,326.8948275833236,344.9716285516847,322.14075
2013-12-16 02:00:00+01:00,313.56323,379.74503,350.37643,328.4545403519114,338.8208940577036,329.7066
2013-12-16 02:10:00+01:00,363.4713,313.56323,304.39862,315.182925109091,332.4622701630389,298.1149
2013-12-16 02:20:00+01:00,355.76028,363.4713,316.61517,324.08012452309595,346.0486321011888,314.9768
2013-12-16 02:30:00+01:00,261.89465,355.76028,351.38132,320.85113075492063,334.56606104902056,315.21918
2013-12-16 02:40:00+01:00,322.91937,261.89465,356.0527,288.86300014479616,323.816471371537,266.6975
2013-12-16 02:50:00+01:00,333.58017,322.91937,244.24332,294.4795740902525,323.8832442660376,284.56534
2013-12-16 03:00:00+01:00,266.3287,333.58017,270.9956,296.41479329272715,296.94201648640706,293.68964
2013-12-16 03:10:00+01:00,306.63855,266.3287,260.41275,282.5305046264143,309.9702516328021,262.47314
2013-12-16 03:20:00+01:00,328.371,306.63855,248.17546,288.31179983939774,318.4453122909386,275.9851
2013-12-16 03:30:00+01:00,275.8581,328.371,283.28766,295.06279820078316,286.0741031340075,290.23883
2013-12-16 03:40:00+01:00,306.56317,275.8581,286.77545,285.4439477221756,311.2797295519822,268.26093
2013-12-16 03:50:00+01:00,331.5537,306.56317,270.96265,291.65733005094603,311.94647054251163,280.69812
2013-12-16 04:00:00+01:00,273.42023,331.5537,270.96857,299.53193939842777,286.0741031340075,296.8775
2013-12-16 04:10:00+01:00,283.75247,273.42023,243.26822,285.14624501553067,303.7903299218833,272.3669
2013-12-16 04:20:00+01:00,342.6617,283.75247,263.4047,280.48689435621304,310.23549049704377,273.97495
2013-12-16 04:30:00+01:00,282.18365,342.6617,233.78781,296.5944409113006,297.56359494983315,305.60776
2013-12-16 04:40:00+01:00,295.69342,282.18365,244.46391,284.0943892712671,297.9128742892866,282.94553
2013-12-16 04:50:00+01:00,306.71826,295.69342,216.33865,286.39663277327713,317.61297730279125,289.8714
2013-12-16 05:00:00+01:00,245.5802,306.71826,251.96478,281.060007385817,284.54703268922253,296.36127
2013-12-16 05:10:00+01:00,309.10986,245.5802,261.28632,257.84723798431037,275.6185742259008,267.00638
2013-12-16 05:20:00+01:00,342.4906,309.10986,237.39719,273.4083401607393,301.5056842916265,297.93765
2013-12-16 05:30:00+01:00,240.64575,342.4906,240.56204,290.7603324024267,293.5725737224853,322.76587
2013-12-16 05:40:00+01:00,299.0204,240.64575,223.69743,266.35121852632597,293.3132397404428,279.37006
2013-12-16 05:50:00+01:00,351.99677,299.0204,337.30566,277.0472828841862,311.40650625709816,307.0782
2013-12-16 06:00:00+01:00,318.0458,351.99677,243.73378,296.9373115756673,294.6148752845456,339.59613
2013-12-16 06:10:00+01:00,378.69785,318.0458,239.5529,310.0643358124505,314.87980291712205,337.21686
2013-12-16 06:20:00+01:00,356.13885,378.69785,254.14468,345.66883495789375,358.82560613722893,380.20175
2013-12-16 06:30:00+01:00,384.46634,356.13885,301.38934,350.44731976344656,339.3504732531025,380.8116
2013-12-16 06:40:00+01:00,370.89133,384.46634,277.0203,379.07371022160055,378.1937420762208,408.66943
2013-12-16 06:50:00+01:00,362.3277,370.89133,391.22433,385.88066698848684,400.5127552019899,412.64142
2013-12-16 07:00:00+01:00,336.9213,362.3277,354.6274,396.8283489291762,401.7008134711162,417.74472
2013-12-16 07:10:00+01:00,390.61447,336.9213,403.23886,394.4400093900633,403.25261784753064,409.4182
2013-12-16 07:20:00+01:00,425.83823,390.61447,383.75113,425.6037837242087,425.80100115614204,441.21692
2013-12-16 07:30:00+01:00,418.44138,425.83823,480.57074,464.46342065838076,459.49554185471624,471.6947
2013-12-16 07:40:00+01:00,511.0615,418.44138,590.5571,496.32240461784943,492.046566251877,487.94476
2013-12-16 07:50:00+01:00,629.23,511.0615,676.41925,559.5023113130151,600.4687091709765,555.4619
2013-12-16 08:00:00+01:00,653.4199,629.23,1209.0139,648.8072817821735,691.0671432567826,646.9274
2013-12-16 08:10:00+01:00,761.4895,653.4199,705.0551,721.5987357207434,731.5207686708441,709.41064
2013-12-16 08:20:00+01:00,882.3408,761.4895,755.3338,814.348263025412,815.834743667617,815.54285
2013-12-16 08:30:00+01:00,1032.548,882.3408,891.80994,912.6426013999535,965.6207017776995,930.97174
2013-12-16 08:40:00+01:00,1124.1259,1032.548,1065.5337,1042.5441596886787,1110.9867017560546,1074.6552
2013-12-16 08:50:00+01:00,1236.5491,1124.1259,1266.6848,1154.3109241143375,1246.2206978207992,1201.313
2013-12-16 09:00:00+01:00,1481.2484,1236.5491,1295.2727,1266.1787460445744,1309.6401673494747,1331.8164
2013-12-16 09:10:00+01:00,1428.5942,1481.2484,1258.5447,1428.8917041853415,1484.4408660448607,1512.1206
2013-12-16 09:20:00+01:00,1552.465,1428.5942,1451.9678,1492.414758641794,1575.0177720801044,1577.917
2013-12-16 09:30:00+01:00,1488.8285,1552.465,1478.8219,1590.6925626540074,1602.8177292594744,1671.0499
2013-12-16 09:40:00+01:00,1661.2596,1488.8285,1736.7175,1586.098156043592,1664.912885768346,1677.994
2013-12-16 09:50:00+01:00,1617.4148,1661.2596,1698.8442,1677.6670422140116,1728.355726421105,1754.8654
2013-12-16 10:00:00+01:00,1664.484,1617.4148,1788.0443,1689.7546698811404,1819.9647487576356,1766.837
2013-12-16 10:10:00+01:00,1834.0756,1664.484,1784.3696,1738.8754314612445,1835.9004381123261,1796.7872
2013-12-16 10:20:00+01:00,1817.0442,1834.0756,1746.3629,1820.8374529200848,1881.0083167109,1880.8889
2013-12-16 10:30:00+01:00,1880.4313,1817.0442,2100.378,1866.3479487595273,1954.6378231995723,1921.1498
2013-12-16 10:40:00+01:00,1992.1698,1880.4313,1845.9613,1929.1831063834036,2011.9020002441011,1973.8173
2013-12-16 10:50:00+01:00,2007.4949,1992.1698,2070.1484,1995.7555526912329,2103.9918756550533,2049.248
2013-12-16 11:00:00+01:00,1981.7075,2007.4949,2394.0793,2047.1953139668378,2129.0320320527817,2100.8477
2013-12-16 11:10:00+01:00,2184.5688,1981.7075,2192.323,2068.101281115749,2157.4006405915343,2118.8547
2013-12-16 11:20:00+01:00,1968.1714,2184.5688,2509.541,2162.9098322435,2230.921705331863,2213.977
2013-12-16 11:30:00+01:00,2176.2668,1968.1714,2282.3518,2115.9211505356484,2206.855977514957,2176.3462
2013-12-16 11:40:00+01:00,2058.1228,2176.2668,2295.7783,2206.62779776357,2287.2785959969256,2237.8552
2013-12-16 11:50:00+01:00,2211.9333,2058.1228,2636.3857,2166.875119831133,2216.3328616492663,2227.0278
2013-12-16 12:00:00+01:00,2043.0378,2211.9333,2547.4624,2256.7810221636005,2321.792706599561,2284.9883
2013-12-16 12:10:00+01:00,2347.7483,2043.0378,2386.3857,2200.1976259686353,2239.233626194799,2246.3389
2013-12-16 12:20:00+01:00,2503.83,2347.7483,2545.2893,2333.144972360549,2356.016098873564,2349.086
2013-12-16 12:30:00+01:00,2471.3293,2503.83,2672.17,2444.4000122058287,2475.782517685635,2472.082
2013-12-16 12:40:00+01:00,2487.8162,2471.3293,2449.6387,2529.6083898896977,2510.01825732153,2530.3967
2013-12-16 12:50:00+01:00,2553.4895,2487.8162,2405.5867,2561.466584073988,2548.0890357800668,2562.2832
2013-12-16 13:00:00+01:00,2654.5225,2553.4895,2750.2495,2587.313976909646,2572.5088636116106,2608.0742
2013-12-16 13:10:00+01:00,2750.8955,2654.5225,2690.352,2648.320041241529,2710.882532052717,2673.018
2013-12-16 13:20:00+01:00,2822.154,2750.8955,2598.7144,2723.5053416562487,2818.864660223933,2747.2856
2013-12-16 13:30:00+01:00,2701.6877,2822.154,2912.2058,2791.825002566941,2828.2310733403865,2813.0474
2013-12-16 13:40:00+01:00,2846.589,2701.6877,3005.7239,2766.3793741715685,2804.6709102481973,2796.2734
2013-12-16 13:50:00+01:00,2761.5703,2846.589,2801.353,2808.759158662302,2809.4870513227675,2834.497
2013-12-16 14:00:00+01:00,2679.1482,2761.5703,2954.759,2771.3639984627516,2895.3624870812696,2832.3157
2013-12-16 14:10:00+01:00,2846.7756,2679.1482,2898.1653,2734.1613991997892,2776.2097997492974,2779.0283
2013-12-16 14:20:00+01:00,2534.2056,2846.7756,2765.6484,2763.5655653075773,2796.6520020494177,2824.71
2013-12-16 14:30:00+01:00,2814.8188,2534.2056,2740.5352,2637.7557841628877,2684.2818291718627,2722.7727
2013-12-16 14:40:00+01:00,2797.125,2814.8188,2712.638,2715.7452837119827,2712.9879974807186,2755.0686
2013-12-16 14:50:00+01:00,2632.9592,2797.125,2600.776,2704.1489345990367,2743.3786069459043,2793.6042
2013-12-16 15:00:00+01:00,2719.9246,2632.9592,2776.5977,2677.228821435144,2707.141585147388,2726.8574
2013-12-16 15:10:00+01:00,2737.278,2719.9246,2660.2708,2670.4930078060934,2710.5844627518873,2729.9893
2013-12-16 15:20:00+01:00,2688.813,2737.278,2870.1052,2663.53770027554,2710.0692992086347,2736.9766
2013-12-16 15:30:00+01:00,2614.5593,2688.813,2737.2053,2662.5034686962226,2696.4329896302415,2712.374
2013-12-16 15:40:00+01:00,2702.127,2614.5593,2794.0732,2622.103134965959,2669.049360717748,2669.4697
2013-12-16 15:50:00+01:00,2748.7913,2702.127,2531.233,2635.9381517732263,2716.503346363029,2673.6587
2013-12-16 16:00:00+01:00,2634.2102,2748.7913,2501.116,2664.7787966089854,2704.3036634802893,2694.8064
2013-12-16 16:10:00+01:00,2628.354,2634.2102,2450.36,2644.6437253366776,2654.8820779115895,2652.8845
2013-12-16 16:20:00+01:00,2626.0117,2628.354,2575.2117,2627.269146220598,2693.0808692734167,2621.0679
2013-12-16 16:30:00+01:00,2563.6245,2626.0117,2720.3699,2604.0935636721815,2612.4407721252364,2602.757
2013-12-16 16:40:00+01:00,2649.9111,2563.6245,2612.4016,2575.555244363446,2589.812621201409,2557.795
2013-12-16 16:50:00+01:00,2494.1238,2649.9111,2700.0928,2598.7043629589543,2620.943630244142,2565.0034
2013-12-16 17:00:00+01:00,2457.8,2494.1238,2803.3914,2534.6067594107108,2585.3566380708835,2504.9355
2013-12-16 17:10:00+01:00,2545.8594,2457.8,2719.4895,2495.046751836,2562.582836251829,2440.9229
2013-12-16 17:20:00+01:00,2543.695,2545.8594,2916.324,2488.3846332693843,2567.5700809542614,2449.3406
2013-12-16 17:30:00+01:00,2322.1726,2543.695,2889.5674,2491.84284084585,2569.013181867371,2440.6343
2013-12-16 17:40:00+01:00,2663.597,2322.1726,2522.8486,2398.7925242181545,2404.8009227091848,2341.3054
2013-12-16 17:50:00+01:00,2480.9702,2663.597,2273.6084,2485.9481581457426,2493.2075007067738,2417.4988
2013-12-16 18:00:00+01:00,2258.544,2480.9702,2713.9302,2424.495957181541,2517.750626757169,2384.0583
2013-12-16 18:10:00+01:00,2365.5015,2258.544,2347.227,2333.770958418139,2330.716284590825,2248.0378
2013-12-16 18:20:00+01:00,2013.1089,2365.5015,2157.865,2275.306075087993,2339.122129749347,2242.2537
2013-12-16 18:30:00+01:00,2151.991,2013.1089,2204.972,2079.6929088196157,2114.0842257221507,2078.7969
2013-12-16 18:40:00+01:00,2143.1855,2151.991,1947.5546,2061.87137456803,2076.509105332495,2023.7313
2013-12-16 18:50:00+01:00,2088.3984,2143.1855,1896.3414,2001.1975495879744,1988.6187851409345,2013.9287
2013-12-16 19:00:00+01:00,1917.8799,2088.3984,1900.7827,1984.1352431446612,1920.992604112571,1958.006
2013-12-16 19:10:00+01:00,1961.1853,1917.8799,1874.8844,1876.3891145882417,1880.4592846613298,1870.3802
2013-12-16 19:20:00+01:00,1886.3074,1961.1853,1662.7988,1829.533638037045,1865.726645280468,1831.1046
2013-12-16 19:30:00+01:00,1575.9323,1886.3074,1684.8168,1758.4252184003426,1762.4843081846916,1779.1316
2013-12-16 19:40:00+01:00,1596.1409,1575.9323,1843.3634,1599.2240654026605,1561.5298709476867,1607.1252
2013-12-16 19:50:00+01:00,1528.1526,1596.1409,1385.3278,1511.4343221693289,1479.2384204681925,1529.5605
2013-12-16 20:00:00+01:00,1413.2109,1528.1526,1368.7178,1416.4799212544658,1436.6424409614372,1462.6378
2013-12-16 20:10:00+01:00,1425.4017,1413.2109,1413.4725,1347.9621758724757,1310.593883287809,1362.2998
2013-12-16 20:20:00+01:00,1304.2977,1425.4017,1549.643,1309.6821087869976,1351.0576872642523,1326.4049
2013-12-16 20:30:00+01:00,1109.7107,1304.2977,1051.3617,1233.8588465396315,1252.13666110148,1251.5712
2013-12-16 20:40:00+01:00,1243.8564,1109.7107,976.98596,1120.9740618760366,1182.8953529223943,1123.75
2013-12-16 20:50:00+01:00,1135.4084,1243.8564,1058.789,1112.409206827699,1184.448969680233,1126.4203
2013-12-16 21:00:00+01:00,1075.4208,1135.4084,891.21765,1058.2273791262649,1116.7864357327362,1072.3639
2013-12-16 21:10:00+01:00,1103.3552,1075.4208,1138.5659,1035.1760560939674,1092.2511677871864,1011.349
2013-12-16 21:20:00+01:00,1062.0172,1103.3552,908.2933,1014.5353784780209,1035.0840935505416,1005.4163
2013-12-16 21:30:00+01:00,1051.4791,1062.0172,970.76666,992.9647361584217,1033.6709219925258,974.4733
2013-12-16 21:40:00+01:00,827.939,1051.4791,930.271,986.1712896835575,1021.9818263450621,952.04047
2013-12-16 21:50:00+01:00,939.1461,827.939,1250.5222,877.0643283185354,922.4509197240019,839.1631
2013-12-16 22:00:00+01:00,864.99567,939.1461,921.4078,873.3024770140875,887.5511366123741,835.9052
2013-12-16 22:10:00+01:00,945.5177,864.99567,794.7773,821.486592555386,847.5257773681582,801.153
2013-12-16 22:20:00+01:00,929.39575,945.5177,690.48016,861.4542444340499,890.9741585255966,811.8672
2013-12-16 22:30:00+01:00,795.038,929.39575,669.5328,856.5706684043155,882.3205646050362,813.27264
2013-12-16 22:40:00+01:00,731.85895,795.038,642.61206,806.47583785098,750.707357107889,744.03784
2013-12-16 22:50:00+01:00,685.2888,731.85895,689.61694,740.7934359917487,796.327183152366,688.00287
2013-12-16 23:00:00+01:00,619.82666,685.2888,1241.0782,675.0853192908231,764.1790155031804,641.25244
2013-12-16 23:10:00+01:00,686.6954,619.82666,744.9646,618.6670246925125,691.494706088428,585.19257
2013-12-16 23:20:00+01:00,627.1446,686.6954,733.891,620.0995545274081,744.4417435283654,593.2933
2013-12-16 23:30:00+01:00,526.67584,627.1446,478.2317,592.1116867020206,600.251463835275,565.81616
2013-12-16 23:40:00+01:00,549.4768,526.67584,527.9005,542.9071209944914,568.6316564494962,503.24133
2013-12-16 23:50:00+01:00,507.38956,549.4768,458.8826,514.308764180843,541.4098830187658,492.2426
2013-12-17 00:00:00+01:00,502.82867,507.38956,550.4352,477.63666520923493,513.2344510010098,465.16998
2013-12-17 00:10:00+01:00,557.64825,502.82867,544.6912,467.5985713595644,471.2611041086582,493.13544
2013-12-17 00:20:00+01:00,453.33533,557.64825,488.50073,480.37319101332275,500.899256783632,484.8908
2013-12-17 00:30:00+01:00,434.28394,453.33533,426.53836,443.87996834916055,444.6408164952584,439.73596
2013-12-17 00:40:00+01:00,643.6172,434.28394,400.99222,420.75004872762804,422.9405232809045,414.2263
2013-12-17 00:50:00+01:00,377.2396,643.6172,414.22626,488.26705264222517,464.4430447927322,509.77118
2013-12-17 01:00:00+01:00,420.13507,377.2396,368.5495,413.94091133950735,411.65410291873087,399.84616
2013-12-17 01:10:00+01:00,382.49466,420.13507,348.31714,412.8953609696425,414.20014403833375,390.38315
2013-12-17 01:20:00+01:00,372.3956,382.49466,376.40952,353.51935842519197,373.3440524947007,364.04303
2013-12-17 01:30:00+01:00,354.82898,372.3956,303.46466,349.61900095506826,363.17989184218914,349.8945
2013-12-17 01:40:00+01:00,326.95477,354.82898,321.47897,333.03808436844224,356.4630559360632,334.45386
2013-12-17 01:50:00+01:00,285.24146,326.95477,356.39893,315.83563699224305,338.2779248801382,314.07288
2013-12-17 02:00:00+01:00,307.27518,285.24146,956.8873,288.7556724681224,392.0761531056389,284.61932
2013-12-17 02:10:00+01:00,322.3455,307.27518,352.32867,285.0172130021408,325.74065692109974,286.81326
2013-12-17 02:20:00+01:00,270.39795,322.3455,379.19684,290.35659428918757,310.2343014985808,293.9292
2013-12-17 02:30:00+01:00,287.36633,270.39795,332.24777,276.8984295934072,317.69215159438716,267.98584
2013-12-17 02:40:00+01:00,300.23834,287.36633,372.4902,277.2412796006083,308.8502642962245,270.6859
2013-12-17 02:50:00+01:00,249.70934,300.23834,365.53424,278.41430693441225,285.0013920121514,276.3566
2013-12-17 03:00:00+01:00,278.10532,249.70934,306.302,263.9530995232419,282.8364321410973,250.61499
2013-12-17 03:10:00+01:00,289.59515,278.10532,368.0035,269.017968579481,294.18905942641885,260.60205
2013-12-17 03:20:00+01:00,263.2437,289.59515,428.05597,272.0772053479029,284.1199722077812,267.22705
2013-12-17 03:30:00+01:00,275.8497,263.2437,329.74393,269.7607161101828,274.8921878818354,255.99771
2013-12-17 03:40:00+01:00,302.6184,275.8497,380.50748,272.3576207659987,291.79100030298923,261.50555
2013-12-17 03:50:00+01:00,267.39505,302.6184,372.60828,282.46431253555465,280.78560399300994,277.23367
2013-12-17 04:00:00+01:00,294.62833,267.39505,317.6325,275.5665671134959,274.8921878818354,262.35397
2013-12-17 04:10:00+01:00,295.62775,294.62833,352.1721,284.5706865697987,293.59283908985816,277.4002
2013-12-17 04:20:00+01:00,270.77686,295.62775,325.85153,283.6920305709316,282.1257463356949,280.17087
2013-12-17 04:30:00+01:00,253.19948,270.77686,316.47025,277.28681763835493,284.59606737341596,269.63766
2013-12-17 04:40:00+01:00,297.35254,253.19948,343.46045,262.65353969778016,283.8056835855607,258.49915
2013-12-17 04:50:00+01:00,271.64038,297.35254,326.21588,272.01334981075365,277.98952826427376,281.66174
2013-12-17 05:00:00+01:00,261.4262,271.64038,295.9983,266.01361685986103,279.4891080244865,271.6479
2013-12-17 05:10:00+01:00,315.23523,261.4262,333.80728,263.1594487929565,285.013811416752,268.85022
2013-12-17 05:20:00+01:00,340.9571,315.23523,332.6811,278.9835962210818,280.71599734043957,300.49384
2013-12-17 05:30:00+01:00,281.91028,340.9571,291.00302,300.8589850846836,294.3605748208381,323.84576
2013-12-17 05:40:00+01:00,331.3453,281.91028,432.33997,291.90952463502344,315.7110612719506,301.29883
2013-12-17 05:50:00+01:00,279.85925,331.3453,462.11578,307.11615107864077,324.10619945767735,332.60077
2013-12-17 06:00:00+01:00,283.4594,279.85925,447.0788,286.8589806395926,305.3642056610687,306.69116
2013-12-17 06:10:00+01:00,337.38727,283.4594,462.56354,290.7200167092524,328.3924991409486,311.85925
2013-12-17 06:20:00+01:00,331.45905,337.38727,366.0853,311.3227212120853,318.4439656702885,344.57257
2013-12-17 06:30:00+01:00,294.91028,331.45905,369.27213,329.50537520817966,322.5997741174833,351.4511
2013-12-17 06:40:00+01:00,379.76587,294.91028,395.4063,331.7533315780149,353.48522319023414,341.39423
2013-12-17 06:50:00+01:00,342.52344,379.76587,431.49783,370.7914133900076,375.3627301337052,395.9816
2013-12-17 07:00:00+01:00,393.1728,342.52344,398.3089,378.98870157057127,365.7034054953595,386.60126
2013-12-17 07:10:00+01:00,446.57346,393.1728,473.31732,423.5567253670305,425.0458816244167,431.23468
2013-12-17 07:20:00+01:00,479.6781,446.57346,459.42938,466.64711361629304,464.98573534298134,476.58337
2013-12-17 07:30:00+01:00,454.89655,479.6781,501.79224,519.7014795367678,511.93399745550744,519.8732
2013-12-17 07:40:00+01:00,550.1103,454.89655,622.4241,543.3063195325898,541.1820755613728,532.7385
2013-12-17 07:50:00+01:00,753.2259,550.1103,632.3024,603.2364967719001,624.4945632290406,606.6258
2013-12-17 08:00:00+01:00,753.5956,753.2259,799.3838,727.6821834106781,806.3914813475013,746.86536
2013-12-17 08:10:00+01:00,825.61786,753.5956,1072.7003,810.1894556444953,862.46067421838,807.4801
2013-12-17 08:20:00+01:00,969.22736,825.61786,977.5034,898.2729425143314,957.2582901362221,911.58844
2013-12-17 08:30:00+01:00,1102.4698,969.22736,1091.5458,993.6551908673016,1090.7565695992096,1038.3741
2013-12-17 08:40:00+01:00,1151.8215,1102.4698,1217.1279,1114.1593278614532,1239.2053656536466,1173.2797
2013-12-17 08:50:00+01:00,1323.192,1151.8215,1303.0553,1207.7101116496292,1295.00952765687,1279.4058
2013-12-17 09:00:00+01:00,1353.7094,1323.192,1575.002,1332.7541958579516,1449.6332649459678,1424.833
2013-12-17 09:10:00+01:00,1526.8392,1353.7094,1681.3344,1405.1845059063487,1486.7654943177777,1503.8425
2013-12-17 09:20:00+01:00,1520.4929,1526.8392,1558.2786,1531.479192353428,1580.2676819712844,1629.7118
2013-12-17 09:30:00+01:00,1443.8579,1520.4929,1637.3098,1581.5681790058202,1655.3684282462957,1676.2263
2013-12-17 09:40:00+01:00,1733.7272,1443.8579,1781.1393,1585.877852111929,1624.8512593157363,1667.9875
2013-12-17 09:50:00+01:00,1723.3817,1733.7272,1995.1044,1700.9931919579399,1689.28340875981,1782.7053
2013-12-17 10:00:00+01:00,1592.9745,1723.3817,1961.1566,1752.8518816020553,1863.441224547883,1826.0745
2013-12-17 10:10:00+01:00,1676.853,1592.9745,2290.3918,1753.95553297328,1795.5498085102279,1811.099
2013-12-17 10:20:00+01:00,2029.1399,1676.853,2023.518,1763.0472686208827,1849.2282227899352,1825.1085
2013-12-17 10:30:00+01:00,1878.1979,2029.1399,2260.1372,1918.2538356818322,1984.778362126535,1987.9618
2013-12-17 10:40:00+01:00,2047.5851,1878.1979,2472.3643,1954.3354706895557,2002.5471714717958,2013.6135
2013-12-17 10:50:00+01:00,2180.45,2047.5851,2301.1992,2070.365548448094,2119.0043709495,2112.4417
2013-12-17 11:00:00+01:00,2260.443,2180.45,2286.6116,2145.0907672730664,2141.852204106917,2208.8647
2013-12-17 11:10:00+01:00,2108.2444,2260.443,2466.042,2252.140861419153,2285.371709869309,2309.9214
2013-12-17 11:20:00+01:00,2238.8875,2108.2444,2453.964,2236.4678915038294,2232.966166247535,2297.7798
2013-12-17 11:30:00+01:00,2177.5774,2238.8875,2577.3738,2282.9301588169083,2315.9223756941033,2339.8748
2013-12-17 11:40:00+01:00,2299.401,2177.5774,2892.698,2263.453783612361,2329.3982489355535,2338.2163
2013-12-17 11:50:00+01:00,2414.3125,2299.401,2647.2144,2337.322699879421,2389.9139716624763,2393.0696
2013-12-17 12:00:00+01:00,2392.4524,2414.3125,2526.6145,2412.122305423037,2477.665428890792,2466.4744
2013-12-17 12:10:00+01:00,2683.2268,2392.4524,2653.1787,2459.9957003963086,2520.075102754805,2500.8108
2013-12-17 12:20:00+01:00,2642.9966,2683.2268,2747.9504,2613.2568355805697,2635.167709450419,2637.0225
2013-12-17 12:30:00+01:00,2447.843,2642.9966,3244.1274,2662.929163362108,2638.088186272387,2692.8762
2013-12-17 12:40:00+01:00,2542.8638,2447.843,2985.6282,2627.068250248233,2586.0169521229077,2641.9697
2013-12-17 12:50:00+01:00,2836.1824,2542.8638,2954.065,2617.087138876411,2711.5717515923484,2645.4805
2013-12-17 13:00:00+01:00,2705.4675,2836.1824,3111.739,2730.544385788544,2797.1192947276368,2772.0808
2013-12-17 13:10:00+01:00,2972.2612,2705.4675,3155.8035,2756.7408999171794,2801.6252774454774,2792.3574
2013-12-17 13:20:00+01:00,3007.2957,2972.2612,3160.2808,2899.4728275668635,2913.3277216224897,2902.647
2013-12-17 13:30:00+01:00,3013.3506,3007.2957,3194.4548,2945.1862536748295,2993.7762213868573,2980.3066
2013-12-17 13:40:00+01:00,3133.456,3013.3506,3238.2986,3001.8042418278214,3127.776335522073,3012.9338
2013-12-17 13:50:00+01:00,2863.8774,3133.456,3301.32,3055.401362950117,3093.8339686597087,3081.0242
2013-12-17 14:00:00+01:00,3008.3774,2863.8774,3310.8464,2955.0550824005018,3088.621271483118,3004.1414
2013-12-17 14:10:00+01:00,2890.1206,3008.3774,3209.6182,2971.3409803408936,3009.0335990859753,2998.4775
2013-12-17 14:20:00+01:00,2734.4712,2890.1206,3132.4636,2889.1889376303875,2868.406681706314,2972.0547
2013-12-17 14:30:00+01:00,2544.7542,2734.4712,3463.6958,2812.1463868253813,2881.503245404963,2874.3167
2013-12-17 14:40:00+01:00,2736.847,2544.7542,2919.789,2659.726546750971,2740.459558115974,2749.085
2013-12-17 14:50:00+01:00,2691.2998,2736.847,3138.5393,2663.62411504587,2735.8943145641497,2749.3613
2013-12-17 15:00:00+01:00,2396.328,2691.2998,2834.9238,2644.8973325548995,2683.5322642002893,2740.7136
2013-12-17 15:10:00+01:00,2737.6082,2396.328,3187.3696,2537.029310641515,2627.3587897003304,2616.886
2013-12-17 15:20:00+01:00,2477.2888,2737.6082,3031.5603,2609.493641180966,2733.1069253479673,2676.4514
2013-12-17 15:30:00+01:00,2892.69,2477.2888,2918.2144,2513.2372016245545,2602.5983341934793,2601.8801
2013-12-17 15:40:00+01:00,2803.812,2892.69,2935.7908,2706.758311257797,2768.0076214085825,2733.7825
2013-12-17 15:50:00+01:00,2902.2222,2803.812,2772.8342,2713.6417630318647,2821.0323428668394,2767.817
2013-12-17 16:00:00+01:00,2747.3257,2902.2222,2844.539,2822.079153662441,2768.2294903488896,2812.9514
2013-12-17 16:10:00+01:00,3124.105,2747.3257,2766.8157,2760.889815750024,2762.5905847855165,2782.953
2013-12-17 16:20:00+01:00,3048.2637,3124.105,3089.2231,2915.36806188474,2775.5428459364953,2890.999
2013-12-17 16:30:00+01:00,3095.5195,3048.2637,2774.1755,2940.4646019935235,2829.421266672743,2925.1074
2013-12-17 16:40:00+01:00,3181.4688,3095.5195,2913.9536,3020.0321681896967,2805.079982407789,2936.9978
2013-12-17 16:50:00+01:00,2941.134,3181.4688,2843.8418,3053.9622021959754,2847.014158699434,2992.6038
2013-12-17 17:00:00+01:00,2902.808,2941.134,2853.4807,2973.9060559433656,2905.613337679028,2899.5308
2013-12-17 17:10:00+01:00,2714.8738,2902.808,2829.6445,2913.74354376651,2863.4531976825274,2821.2922
2013-12-17 17:20:00+01:00,3030.4998,2714.8738,2822.5754,2766.557718850178,2724.121672636505,2718.926
2013-12-17 17:30:00+01:00,2599.423,3030.4998,2781.0361,2847.3321043850074,2775.629500033755,2768.265
2013-12-17 17:40:00+01:00,2843.513,2599.423,2717.2131,2679.753008634152,2697.7476177215713,2631.9211
2013-12-17 17:50:00+01:00,2552.371,2843.513,2600.1138,2737.9836970477977,2782.5227110519004,2621.5432
2013-12-17 18:00:00+01:00,2385.382,2552.371,2694.7935,2563.712561473984,2596.6808603252384,2537.4578
2013-12-17 18:10:00+01:00,2270.155,2385.382,2531.3782,2453.1376401307834,2471.3605899828285,2377.1084
2013-12-17 18:20:00+01:00,2145.7808,2270.155,2527.0508,2286.7775173445557,2374.3881823696343,2277.5325
2013-12-17 18:30:00+01:00,2272.6868,2145.7808,2394.3535,2152.3523265609356,2184.161435691824,2149.0723
2013-12-17 18:40:00+01:00,2324.882,2272.6868,2249.6177,2138.056387797492,2209.031281211195,2134.5952
2013-12-17 18:50:00+01:00,2225.732,2324.882,1996.8153,2147.288860353509,2110.5674916670337,2143.6384
2013-12-17 19:00:00+01:00,2236.8972,2225.732,2160.4158,2122.2684762698914,2056.426301448601,2099.2393
2013-12-17 19:10:00+01:00,2005.5433,2236.8972,2140.3196,2097.522516498122,2053.019761320086,2080.3347
2013-12-17 19:20:00+01:00,1953.891,2005.5433,2136.7168,1961.5021327899763,1903.012384526323,1969.534
2013-12-17 19:30:00+01:00,1802.5776,1953.891,2046.5723,1873.043550142897,1857.335421366934,1876.4775
2013-12-17 19:40:00+01:00,1852.4194,1802.5776,1731.465,1735.6232605827709,1744.9694054687395,1770.4412
2013-12-17 19:50:00+01:00,1696.9374,1852.4194,1756.6365,1702.7614625053714,1725.9378517724126,1721.7495
2013-12-17 20:00:00+01:00,1606.5923,1696.9374,1688.5913,1607.3452270722303,1692.0282769315718,1632.8204
2013-12-17 20:10:00+01:00,1590.6038,1606.5923,1625.3927,1535.3799848042465,1525.6696316622279,1540.7753
2013-12-17 20:20:00+01:00,1446.0182,1590.6038,1324.3677,1472.850798124496,1459.094919995713,1493.4176
2013-12-17 20:30:00+01:00,1323.7643,1446.0182,1316.6862,1384.9131600948438,1309.4684127254814,1397.2252
2013-12-17 20:40:00+01:00,1351.1809,1323.7643,1236.9321,1293.2880986291411,1269.310173986774,1295.1046
2013-12-17 20:50:00+01:00,1179.2695,1351.1809,1163.2485,1249.2542412618413,1328.2803461980875,1259.0732
2013-12-17 21:00:00+01:00,1079.5662,1179.2695,1774.6016,1156.3203757532358,1107.4110466876668,1157.7635
2013-12-17 21:10:00+01:00,1028.0624,1079.5662,1287.5082,1079.5331447263138,1069.066092469781,1063.051
2013-12-17 21:20:00+01:00,1090.8693,1028.0624,1242.588,1001.561308391476,1046.809236458144,998.83685
2013-12-17 21:30:00+01:00,956.15717,1090.8693,1261.8608,1000.1306593050012,1078.9314006404045,991.7584
2013-12-17 21:40:00+01:00,862.8589,956.15717,1022.1286,946.3368582189685,959.2194748994023,922.29694
2013-12-17 21:50:00+01:00,919.1082,862.8589,1066.5682,887.2604967206953,919.704463861633,848.36176
2013-12-17 22:00:00+01:00,801.89136,919.1082,1007.38617,864.576123154521,921.1618539946294,844.37384
2013-12-17 22:10:00+01:00,840.02545,801.89136,1131.5334,806.7008871035705,842.3937838357531,779.2308
2013-12-17 22:20:00+01:00,779.9643,840.02545,911.0456,806.7957037159148,863.2609683252352,768.8629
2013-12-17 22:30:00+01:00,783.5628,779.9643,877.7383,763.8722985971681,790.8236418149979,734.4183
2013-12-17 22:40:00+01:00,769.1843,783.5628,916.14545,756.7473311054092,776.6614886654542,718.1936
2013-12-17 22:50:00+01:00,724.57544,769.1843,1263.049,736.2553260886956,802.1246283020988,703.4739
2013-12-17 23:00:00+01:00,680.99176,724.57544,896.8783,710.2881594942066,755.9712878380227,672.5377
2013-12-17 23:10:00+01:00,609.1262,680.99176,1194.1349,673.8444599633203,757.8120453587397,637.7444
2013-12-17 23:20:00+01:00,687.94366,609.1262,1122.802,618.8284650996961,687.4873329058199,586.7536
2013-12-17 23:30:00+01:00,579.22,687.94366,827.64404,624.7221063993254,697.6034165624937,603.7924
2013-12-17 23:40:00+01:00,560.5221,579.22,590.85205,576.4406683084845,580.6617331372821,552.8459
2013-12-17 23:50:00+01:00,585.93774,560.5221,575.1741,554.9701726933145,576.5421121585277,523.95746
2013-12-18 00:00:00+01:00,543.7737,585.93774,763.32715,537.1654355109383,568.6825117487782,525.2543
2013-12-18 00:10:00+01:00,489.5595,543.7737,638.1712,517.809075643428,544.7617421398928,543.7705
2013-12-18 00:20:00+01:00,539.0693,489.5595,511.84302,486.60226267231735,477.2875104111333,488.50635
2013-12-18 00:30:00+01:00,504.443,539.0693,493.02005,485.95823872653057,500.64747422966553,492.4632
2013-12-18 00:40:00+01:00,474.9078,504.443,541.55615,469.9928111015622,485.63175821472936,473.9513
2013-12-18 00:50:00+01:00,456.41156,474.9078,465.88635,457.8617000415354,448.9786414927359,453.52106
2013-12-18 01:00:00+01:00,410.78296,456.41156,442.66397,435.5508269142729,443.2701908722789,434.5102
2013-12-18 01:10:00+01:00,379.65802,410.78296,481.84415,405.1287403156956,402.0838383453132,403.11194
2013-12-18 01:20:00+01:00,401.63037,379.65802,439.98602,377.4432439205648,377.6980780458531,375.69366
2013-12-18 01:30:00+01:00,409.86038,401.63037,452.74246,371.7740827711749,371.07816233323007,376.524
2013-12-18 01:40:00+01:00,410.02414,409.86038,507.97772,375.4994610343624,379.9341329560763,379.60944
2013-12-18 01:50:00+01:00,413.1298,410.02414,409.54782,383.2327498996599,378.10126110110474,381.15784
2013-12-18 02:00:00+01:00,381.0714,413.1298,407.85815,387.85473845805336,383.8739138299352,382.6702
2013-12-18 02:10:00+01:00,370.31766,381.0714,411.84418,375.996419222408,369.96453531311556,365.31516
2013-12-18 02:20:00+01:00,391.41586,370.31766,397.22635,366.15457730467415,369.96453531311556,354.59497
2013-12-18 02:30:00+01:00,339.14832,391.41586,432.5632,368.5528351197345,371.79740716808715,361.31274
2013-12-18 02:40:00+01:00,343.98822,339.14832,366.80832,349.85543702672817,354.24340000238254,333.97162
2013-12-18 02:50:00+01:00,354.6266,343.98822,337.33316,345.8879142004623,351.17232983071636,330.42426
2013-12-18 03:00:00+01:00,349.94174,354.6266,384.66998,343.1029117598989,361.9955486409244,332.04395
2013-12-18 03:10:00+01:00,357.09317,349.94174,411.0358,346.0513819150103,354.28705067888365,330.81085
2013-12-18 03:20:00+01:00,353.47437,357.09317,426.8202,351.6700051137216,361.9955486409244,335.28394
2013-12-18 03:30:00+01:00,323.44745,353.47437,294.39008,351.92366680448026,353.79681703262077,334.05212
2013-12-18 03:40:00+01:00,330.19568,323.44745,346.5054,339.9242791145741,336.0834345948471,317.6831
2013-12-18 03:50:00+01:00,333.8312,330.19568,276.82495,335.7066752563476,341.3752561399788,317.93195
2013-12-18 04:00:00+01:00,349.34024,333.8312,303.0393,333.0264371476376,332.3223267755159,318.52292
2013-12-18 04:10:00+01:00,332.18362,349.34024,341.105,341.86811541226916,348.96614312570046,329.14175
2013-12-18 04:20:00+01:00,342.7267,332.18362,278.16077,337.904114263629,338.3683964501362,322.55115
2013-12-18 04:30:00+01:00,374.74506,342.7267,301.17105,340.7574277424676,347.7652690608064,329.5521
2013-12-18 04:40:00+01:00,368.85327,374.74506,327.84183,352.91101974119624,357.7044137160384,349.80045
2013-12-18 04:50:00+01:00,359.95996,368.85327,296.3528,358.5282778196881,357.6552547901831,353.17657
2013-12-18 05:00:00+01:00,320.06473,359.95996,306.23477,358.2782654796197,357.6552547901831,353.43665
2013-12-18 05:10:00+01:00,361.5439,320.06473,311.81003,336.12830489258977,339.6256816602509,331.19693
2013-12-18 05:20:00+01:00,344.93466,361.5439,314.4834,342.8962595055136,352.31453298496115,353.00415
2013-12-18 05:30:00+01:00,401.58304,344.93466,297.34317,337.09477160877873,344.18649564930814,345.9626
2013-12-18 05:40:00+01:00,397.4719,401.58304,302.52466,367.5149470583408,370.77864757559354,385.4212
2013-12-18 05:50:00+01:00,396.86322,397.4719,293.9416,377.32152070629377,372.67526399890573,391.87585
2013-12-18 06:00:00+01:00,346.3754,396.86322,298.2731,390.3714034597358,365.53512442265867,402.23553
2013-12-18 06:10:00+01:00,356.57953,346.3754,323.27948,371.2654401073862,363.63645628167046,377.92517
2013-12-18 06:20:00+01:00,357.7288,356.57953,276.3126,369.88923382632083,364.9945934088324,383.852
2013-12-18 06:30:00+01:00,379.6343,357.7288,346.87347,370.28872351387236,380.1574906190456,384.61902
2013-12-18 06:40:00+01:00,361.912,379.6343,370.5926,391.58973402358515,395.7252647974713,403.2848
2013-12-18 06:50:00+01:00,413.2211,361.912,330.08496,399.8407688437462,390.932264207188,400.64987
2013-12-18 07:00:00+01:00,403.95444,413.2211,414.72205,435.3525420098239,430.62020205628244,439.59576
2013-12-18 07:10:00+01:00,471.12317,403.95444,498.2013,453.3537339096373,430.6285739858984,445.29175
2013-12-18 07:20:00+01:00,481.8742,471.12317,507.02487,506.28513481737457,475.4950105428456,500.96497
2013-12-18 07:30:00+01:00,486.94028,481.8742,500.81403,540.6334545311068,530.4938981085498,525.65106
2013-12-18 07:40:00+01:00,624.4269,486.94028,577.8698,575.1107167629361,560.7869483998755,551.75287
2013-12-18 07:50:00+01:00,638.6378,624.4269,648.36334,656.4211707692195,663.813229608591,652.2026
2013-12-18 08:00:00+01:00,813.0423,638.6378,706.696,712.2898883599472,746.3678899450268,692.87976
2013-12-18 08:10:00+01:00,815.51215,813.0423,896.70795,836.9652463887015,909.2900945328946,836.5651
2013-12-18 08:20:00+01:00,925.6145,815.51215,914.41406,896.8836027991322,945.1203563822442,891.55444
2013-12-18 08:30:00+01:00,986.8481,925.6145,909.3241,995.7714784278556,1012.5840492699684,1013.77655
2013-12-18 08:40:00+01:00,1024.8683,986.8481,1036.2612,1062.4642850746477,1120.905257297,1102.7828
2013-12-18 08:50:00+01:00,1120.7278,1024.8683,1165.2615,1127.5174568711082,1238.8955008969244,1184.8519
2013-12-18 09:00:00+01:00,1329.3274,1120.7278,1193.8663,1201.8587593803586,1360.9795189705285,1281.8142
2013-12-18 09:10:00+01:00,1298.2369,1329.3274,1675.2163,1333.9856162958308,1488.103410435396,1426.7899
2013-12-18 09:20:00+01:00,1384.4584,1298.2369,1398.318,1395.4943390832054,1495.1532221946657,1480.3081
2013-12-18 09:30:00+01:00,1469.436,1384.4584,1684.267,1474.84597108653,1502.4887663970462,1565.6902
2013-12-18 09:40:00+01:00,1578.1362,1469.436,1810.5433,1532.2103051890706,1571.4371829947872,1621.0067
2013-12-18 09:50:00+01:00,1854.7711,1578.1362,1633.9137,1622.4735571755696,1652.8710412061196,1703.3245
2013-12-18 10:00:00+01:00,1918.0593,1854.7711,1718.2716,1792.5064467982536,1742.7224142130249,1869.4185
2013-12-18 10:10:00+01:00,1979.1547,1918.0593,1905.1145,1910.8445098005825,1892.4392036642053,1974.231
2013-12-18 10:20:00+01:00,1986.4987,1979.1547,1988.1498,2012.0079959351242,2031.8498495569297,2075.017
2013-12-18 10:30:00+01:00,2171.3083,1986.4987,1958.0093,2046.428641212599,2063.571010659564,2117.46
2013-12-18 10:40:00+01:00,2056.8528,2171.3083,2246.4888,2147.6111880141866,2174.284287043039,2223.321
2013-12-18 10:50:00+01:00,2273.6548,2056.8528,2236.9653,2146.3381635443993,2193.623450447935,2226.9658
2013-12-18 11:00:00+01:00,2399.3738,2273.6548,2450.2341,2259.3317347282723,2366.6703096309834,2332.3042
2013-12-18 11:10:00+01:00,2414.5996,2399.3738,2360.7063,2349.8091445002365,2426.014990579566,2421.1855
2013-12-18 11:20:00+01:00,2517.3289,2414.5996,2257.2395,2436.266082836444,2443.836105832868,2497.6455
2013-12-18 11:30:00+01:00,2686.7637,2517.3289,2342.7937,2518.34075286404,2529.5596984631175,2573.076
2013-12-18 11:40:00+01:00,2631.3562,2686.7637,2523.0796,2628.7559364432427,2628.3233577036385,2677.7346
2013-12-18 11:50:00+01:00,2698.8047,2631.3562,2344.0938,2671.6255833574946,2665.7232142131093,2717.2827
2013-12-18 12:00:00+01:00,2644.4453,2698.8047,2563.8926,2729.9135398784692,2759.825100165132,2765.1736
2013-12-18 12:10:00+01:00,2527.1482,2644.4453,2796.1882,2716.9166098241285,2822.7762915185904,2760.6443
2013-12-18 12:20:00+01:00,2794.0598,2527.1482,3009.7485,2670.901435805371,2759.705305871138,2712.3564
2013-12-18 12:30:00+01:00,2793.752,2794.0598,2996.6028,2756.25985716849,2844.79402025621,2792.107
2013-12-18 12:40:00+01:00,2745.2158,2793.752,3488.2747,2797.6437946357537,2828.9843118748427,2834.4304
2013-12-18 12:50:00+01:00,2864.4187,2745.2158,2929.3225,2830.0719640337065,2943.9327109267674,2854.7979
2013-12-18 13:00:00+01:00,3068.5156,2864.4187,3129.3904,2871.140616331597,2914.5925511220285,2896.1746
2013-12-18 13:10:00+01:00,3000.1797,3068.5156,3032.534,2977.728629753998,2988.1072125004484,3001.3696
2013-12-18 13:20:00+01:00,3004.6577,3000.1797,3102.9358,3014.0485268739685,3092.1092343937266,3036.9478
2013-12-18 13:30:00+01:00,3191.4482,3004.6577,2996.5852,3034.7619925190597,3197.1642270455327,3050.2024
2013-12-18 13:40:00+01:00,3207.1082,3191.4482,3351.0833,3098.2269460858497,3164.0549978307226,3125.7737
2013-12-18 13:50:00+01:00,3051.9417,3207.1082,3350.995,3141.1567126232444,3232.7536697419932,3173.0007
2013-12-18 14:00:00+01:00,3178.2046,3051.9417,3409.3945,3103.5736459779628,3173.3376913041784,3133.3608
2013-12-18 14:10:00+01:00,3111.8792,3178.2046,3262.4702,3117.535949906777,3123.2869099497057,3151.0012
2013-12-18 14:20:00+01:00,2973.613,3111.8792,3188.5273,3077.10315954269,3233.4461964978627,3135.2769
2013-12-18 14:30:00+01:00,3023.979,2973.613,3212.2188,3016.267506282124,3015.3491094680435,3070.0254
2013-12-18 14:40:00+01:00,2870.2231,3023.979,3355.152,2985.445381428609,3111.395990698359,3049.377
2013-12-18 14:50:00+01:00,2810.9236,2870.2231,3163.4941,2894.2245877558216,3020.0624346631303,2974.4875
2013-12-18 15:00:00+01:00,2524.7148,2810.9236,3138.4204,2836.636692563848,2854.1824223465283,2909.414
2013-12-18 15:10:00+01:00,2665.3462,2524.7148,3357.431,2660.5844167554064,2615.4115298782376,2753.038
2013-12-18 15:20:00+01:00,2788.0576,2665.3462,3068.2595,2642.7212102975004,2676.807260943303,2720.2544
2013-12-18 15:30:00+01:00,2690.2424,2788.0576,2931.4197,2672.543778055457,2702.318248391107,2754.6357
2013-12-18 15:40:00+01:00,2476.0342,2690.2424,2682.1438,2686.052911145654,2772.815753996312,2753.029
2013-12-18 15:50:00+01:00,2679.1196,2476.0342,2925.2114,2593.7454924464537,2604.604044375658,2652.4377
2013-12-18 16:00:00+01:00,2502.6748,2679.1196,3033.0212,2617.5216666077567,2688.0836536356287,2663.4148
2013-12-18 16:10:00+01:00,2525.0535,2502.6748,2649.4763,2546.098093549897,2593.220366738207,2593.1753
2013-12-18 16:20:00+01:00,2681.9224,2525.0535,2890.9934,2558.1084175585447,2563.191578011764,2583.2708
2013-12-18 16:30:00+01:00,2889.628,2681.9224,2967.2227,2600.3144265482315,2621.237839302733,2625.718
2013-12-18 16:40:00+01:00,2542.5159,2889.628,2775.517,2735.114718236812,2730.1970725598553,2728.9358
2013-12-18 16:50:00+01:00,2753.3704,2542.5159,3069.802,2659.3159942420284,2615.4114896263327,2639.6846
2013-12-18 17:00:00+01:00,2676.2473,2753.3704,2885.9888,2711.8763443047887,2711.6994580451806,2662.5256
2013-12-18 17:10:00+01:00,2600.9219,2676.2473,2788.8345,2653.1584040084554,2679.0505900678154,2634.7188
2013-12-18 17:20:00+01:00,2616.2776,2600.9219,2687.505,2637.068938485708,2630.697910961183,2590.9875
2013-12-18 17:30:00+01:00,2503.0154,2616.2776,3005.7766,2602.2068146277998,2618.370137258502,2570.2234
2013-12-18 17:40:00+01:00,2491.4087,2503.0154,2762.919,2529.0635046139532,2609.2857386885694,2500.0693
2013-12-18 17:50:00+01:00,2464.9944,2491.4087,2557.8306,2487.2631221851448,2519.2218563398023,2453.8286
2013-12-18 18:00:00+01:00,2273.415,2464.9944,2577.3953,2434.96406480549,2476.2885469155744,2413.962
2013-12-18 18:10:00+01:00,2249.7034,2273.415,2303.6162,2324.0893278570065,2398.235847636711,2308.0117
2013-12-18 18:20:00+01:00,2227.0054,2249.7034,2664.4214,2245.5739784326925,2286.7756703242653,2236.2847
2013-12-18 18:30:00+01:00,2196.086,2227.0054,2439.0437,2172.9411700518176,2226.3280940243694,2182.0164
2013-12-18 18:40:00+01:00,1929.9333,2196.086,2384.309,2130.0306644996895,2183.94039541956,2137.0217
2013-12-18 18:50:00+01:00,1906.7805,1929.9333,2430.476,1980.5656012797504,2008.4331612153114,1998.6747
2013-12-18 19:00:00+01:00,1933.2943,1906.7805,2246.348,1883.911059296117,1967.881596502529,1908.7847
2013-12-18 19:10:00+01:00,1699.993,1933.2943,2297.5225,1820.2831147375246,1885.1865142740166,1865.3771
2013-12-18 19:20:00+01:00,1720.3448,1699.993,2083.0298,1702.0741356234898,1835.3048526284392,1739.844
2013-12-18 19:30:00+01:00,1700.0227,1720.3448,1884.9933,1648.3483644602838,1754.168557054046,1686.8934
2013-12-18 19:40:00+01:00,1523.4856,1700.0227,1619.4545,1585.7768253084446,1703.7148366691088,1640.2476
2013-12-18 19:50:00+01:00,1568.3333,1523.4856,1999.8436,1496.619822350387,1528.76162504311,1536.517
2013-12-18 20:00:00+01:00,1453.8414,1568.3333,1679.3378,1464.027372666227,1509.4946158877324,1506.9462
2013-12-18 20:10:00+01:00,1269.3866,1453.8414,1678.3756,1382.8014437253396,1371.7635290405512,1431.8403
2013-12-18 20:20:00+01:00,1161.6351,1269.3866,1538.2764,1279.279346659606,1268.5403984209638,1312.6868
2013-12-18 20:30:00+01:00,1171.1189,1161.6351,1376.2448,1163.730970749014,1202.2046091459044,1205.9852
2013-12-18 20:40:00+01:00,991.7398,1171.1189,1190.0137,1105.93333356285,1203.8328132779063,1153.6438
2013-12-18 20:50:00+01:00,957.08075,991.7398,1193.6012,1007.5170061395725,1076.8117383018252,1041.5519
2013-12-18 21:00:00+01:00,985.3857,957.08075,879.54285,953.9413037245392,979.2067610946474,977.8178
2013-12-18 21:10:00+01:00,816.4783,985.3857,915.683,925.0596003303547,973.6456548498873,956.73895
2013-12-18 21:20:00+01:00,850.4735,816.4783,977.5572,851.758478470006,921.4154221031197,863.0089
2013-12-18 21:30:00+01:00,817.6907,850.4735,1041.2152,835.5879501729388,922.6941624482212,842.3547
2013-12-18 21:40:00+01:00,688.85065,817.6907,995.1739,797.1928237903751,918.2756567867732,809.4048
2013-12-18 21:50:00+01:00,702.4695,688.85065,969.6157,740.2011726774332,808.6867882515122,732.7759
2013-12-18 22:00:00+01:00,753.86127,702.4695,870.22614,710.4686272215911,783.585129099628,707.00183
2013-12-18 22:10:00+01:00,676.85645,753.86127,860.20404,710.8569088460895,776.0911694382858,715.0027
2013-12-18 22:20:00+01:00,758.3573,676.85645,965.69275,690.2580244309029,783.2243507879915,677.481
2013-12-18 22:30:00+01:00,652.5494,758.3573,834.43976,717.2959124094498,734.1399086444527,702.7113
2013-12-18 22:40:00+01:00,640.0536,652.5494,667.72833,671.2989398684053,687.6524640802859,653.02014
2013-12-18 22:50:00+01:00,634.62427,640.0536,686.76434,654.3333149879127,655.9443043197288,629.2132
2013-12-18 23:00:00+01:00,604.5951,634.62427,535.60846,624.4756913955644,612.8664884284435,612.1781
2013-12-18 23:10:00+01:00,545.23456,604.5951,673.3051,603.5443891368736,629.9581654071723,588.02814
2013-12-18 23:20:00+01:00,540.5254,545.23456,626.08014,565.0339000245187,605.6512246826815,547.2228
2013-12-18 23:30:00+01:00,593.64,540.5254,485.93863,539.1962011428986,556.1174573976551,527.3076
2013-12-18 23:40:00+01:00,579.179,593.64,552.5888,546.1987878713821,532.3617862629758,543.5555
2013-12-18 23:50:00+01:00,502.68198,579.179,578.4617,547.6240973850033,566.3906624954172,539.5096
2013-12-19 00:00:00+01:00,536.72876,502.68198,544.1087,517.482839516755,505.3175488703735,498.89972
2013-12-19 00:10:00+01:00,487.20523,536.72876,612.5639,509.2400872442445,517.1019021949893,512.1633
2013-12-19 00:20:00+01:00,436.3902,487.20523,550.2907,477.53355241327677,461.6289594931863,494.09625
2013-12-19 00:30:00+01:00,456.98666,436.3902,515.6192,448.31297409862486,435.04251974392025,451.49677
2013-12-19 00:40:00+01:00,429.72488,456.98666,576.80023,434.54654364626174,435.560464217303,442.3529
2013-12-19 00:50:00+01:00,370.90134,429.72488,528.7024,416.2649084324938,424.15818253059854,425.09604
2013-12-19 01:00:00+01:00,435.60614,370.90134,487.79184,387.4289543912496,380.4326524120002,389.58124
2013-12-19 01:10:00+01:00,394.7007,435.60614,514.7918,397.3043926684528,402.04739942258857,407.62726
2013-12-19 01:20:00+01:00,400.94308,394.7007,502.52484,382.863463785667,374.5420765580711,389.54248
2013-12-19 01:30:00+01:00,427.43805,400.94308,393.03406,389.8230297335306,367.70180077125684,389.95435
2013-12-19 01:40:00+01:00,336.43256,427.43805,388.41327,396.0520797148197,381.61264492223694,399.44122
2013-12-19 01:50:00+01:00,365.2895,336.43256,407.0363,364.1439064939792,343.5059350693766,355.3932
2013-12-19 02:00:00+01:00,346.52133,365.2895,347.6217,362.6345716836861,358.1365454364217,357.2
2013-12-19 02:10:00+01:00,342.67114,346.52133,404.20245,344.50493608379486,350.0228751451462,342.56714
2013-12-19 02:20:00+01:00,320.30676,342.67114,387.69327,345.9239667937766,353.04094646128823,339.1994
2013-12-19 02:30:00+01:00,328.14258,320.30676,385.9141,333.12008714052115,341.9522028199997,323.75195
2013-12-19 02:40:00+01:00,280.11807,328.14258,386.30444,332.4757984106468,332.8160734017783,322.98148
2013-12-19 02:50:00+01:00,335.46817,280.11807,384.74515,310.18911613200623,327.73156354616845,295.52814
2013-12-19 03:00:00+01:00,298.21442,335.46817,367.38992,326.98889102746284,325.6255260526423,318.53354
2013-12-19 03:10:00+01:00,309.2171,298.21442,395.27368,315.22576704186645,311.73940828842785,301.24194
2013-12-19 03:20:00+01:00,300.12256,309.2171,401.73764,323.839418609464,318.7893882934812,307.1136
2013-12-19 03:30:00+01:00,246.72475,300.12256,353.05072,316.0100275346638,305.7537880099737,300.05566
2013-12-19 03:40:00+01:00,276.32565,246.72475,329.7815,293.01711201462444,291.3686775688226,270.09293
2013-12-19 03:50:00+01:00,262.11307,276.32565,332.10986,292.42568529380424,296.5094007133109,278.4723
2013-12-19 04:00:00+01:00,270.27988,262.11307,318.37247,282.3913575167576,277.77280676792054,269.0482
2013-12-19 04:10:00+01:00,252.87465,270.27988,349.41077,288.3008678635722,280.92398257677036,275.04178
2013-12-19 04:20:00+01:00,251.35564,252.87465,323.29788,278.9123149578827,276.66152739581764,265.1529
2013-12-19 04:30:00+01:00,252.64908,251.35564,329.8743,274.80855852613195,268.68078301771317,263.2396
2013-12-19 04:40:00+01:00,252.2801,252.64908,340.2503,270.33218937274637,269.2096790417414,263.0271
2013-12-19 04:50:00+01:00,271.09418,252.2801,303.57394,268.8099635288902,266.4496194971844,263.84036
2013-12-19 05:00:00+01:00,250.35619,271.09418,313.96634,276.0499904428017,271.1400749767764,276.3561
2013-12-19 05:10:00+01:00,284.96732,250.35619,306.307,269.9551390405943,269.2662758226036,268.0825
2013-12-19 05:20:00+01:00,278.65344,284.96732,378.34708,283.58243912399166,279.98197593038236,290.2763
2013-12-19 05:30:00+01:00,234.95042,278.65344,306.86783,284.5434168812377,280.5865180575799,291.013
2013-12-19 05:40:00+01:00,278.24277,234.95042,301.54367,271.1225130466247,273.20661551009533,270.9342
2013-12-19 05:50:00+01:00,274.403,278.24277,349.7559,280.7346111064958,281.6888014957932,294.51306
2013-12-19 06:00:00+01:00,246.9415,274.403,310.33118,283.3385772549417,282.16183144559795,295.034
2013-12-19 06:10:00+01:00,316.2096,246.9415,367.47528,283.1517627440355,284.88748887722465,286.49817
2013-12-19 06:20:00+01:00,317.4206,316.2096,396.937,312.8177528649628,294.1666444211278,329.7086
2013-12-19 06:30:00+01:00,308.83353,317.4206,370.39334,331.5276623261776,297.9433944319019,339.0475
2013-12-19 06:40:00+01:00,312.58328,308.83353,462.5887,350.9337312535986,326.3818588850665,348.40848
2013-12-19 06:50:00+01:00,378.32358,312.58328,421.2171,361.6330024336146,332.0840557865231,357.9776
2013-12-19 07:00:00+01:00,398.94138,378.32358,413.06085,402.460986222702,378.93243959871705,404.09442
2013-12-19 07:10:00+01:00,383.5255,398.94138,478.9303,441.3897601327959,405.8033895502228,432.18118
2013-12-19 07:20:00+01:00,505.4137,383.5255,506.47122,467.2141765871196,420.98971521147115,443.99152
2013-12-19 07:30:00+01:00,487.4411,505.4137,586.53674,537.8665048251826,532.3814739929454,530.2364
2013-12-19 07:40:00+01:00,513.9205,487.4411,579.84595,571.4248360900248,570.0312654302545,542.86334
2013-12-19 07:50:00+01:00,644.89886,513.9205,774.51733,619.8724073123715,669.8909421497821,589.195
2013-12-19 08:00:00+01:00,664.45844,644.89886,787.2202,697.4013600737101,705.1375902310051,684.2897
2013-12-19 08:10:00+01:00,682.46765,664.45844,864.35,757.9411199088935,766.6273621239636,730.63104
2013-12-19 08:20:00+01:00,738.4892,682.46765,926.04236,811.947648561181,858.8364014096686,787.6896
2013-12-19 08:30:00+01:00,748.6995,738.4892,992.17694,859.4035005083457,880.8295444433994,850.91626
2013-12-19 08:40:00+01:00,879.4211,748.6995,1386.6217,893.754920144836,903.3028072339902,888.48334
2013-12-19 08:50:00+01:00,1059.6798,879.4211,1429.9626,977.5013388609241,1094.5930166424366,992.1187
2013-12-19 09:00:00+01:00,1205.6598,1059.6798,1756.2965,1100.8977016453036,1269.7525613097055,1129.2612
2013-12-19 09:10:00+01:00,1294.0133,1205.6598,1758.0388,1243.110852784413,1318.910163215472,1281.6821
2013-12-19 09:20:00+01:00,1403.5647,1294.0133,1974.7045,1360.1354604779356,1427.8532074905754,1424.0138
2013-12-19 09:30:00+01:00,1366.8352,1403.5647,1966.7432,1465.1836672826084,1446.8447868874102,1560.5436
2013-12-19 09:40:00+01:00,1410.3505,1366.8352,2061.1875,1497.3527578245557,1481.0401679250958,1607.8535
2013-12-19 09:50:00+01:00,1500.0518,1410.3505,1968.2762,1534.7551212494336,1503.32035668346,1652.5044
2013-12-19 10:00:00+01:00,1631.4614,1500.0518,2036.8434,1581.8261662436562,1629.865250090538,1690.8999
2013-12-19 10:10:00+01:00,1594.8406,1631.4614,2076.893,1674.0243442986482,1745.1512145398792,1769.4924
2013-12-19 10:20:00+01:00,1743.9664,1594.8406,2128.8708,1710.1156426656753,1730.274753291597,1790.476
2013-12-19 10:30:00+01:00,1792.1636,1743.9664,2329.3062,1798.6136589161622,1839.830449654142,1869.2614
2013-12-19 10:40:00+01:00,1852.2518,1792.1636,2473.4668,1852.2697270011736,1917.0200980018778,1910.2223
2013-12-19 10:50:00+01:00,1815.0078,1852.2518,2551.571,1925.3200110778844,2009.4968824949324,1983.5717
2013-12-19 11:00:00+01:00,1953.0441,1815.0078,2350.8796,1938.2204850617948,2036.5977816532215,1995.1339
2013-12-19 11:10:00+01:00,1898.2078,1953.0441,2518.3152,2009.753667093423,2104.6160168027036,2064.6567
2013-12-19 11:20:00+01:00,1932.6768,1898.2078,2802.102,2017.1292236166014,2098.5695351287463,2070.3567
2013-12-19 11:30:00+01:00,2083.847,1932.6768,2476.3467,2054.797148995236,2150.0114438112196,2110.972
2013-12-19 11:40:00+01:00,2171.034,2083.847,2703.3647,2127.1465624065063,2168.0215097360374,2178.332
2013-12-19 11:50:00+01:00,2265.2751,2171.034,2956.3665,2215.789825101847,2261.9314845882755,2258.8896
2013-12-19 12:00:00+01:00,2178.1807,2265.2751,2671.3423,2315.540308278672,2352.438696174592,2357.4653
2013-12-19 12:10:00+01:00,2262.1309,2178.1807,2962.0967,2322.496675755606,2372.485147014186,2358.9219
2013-12-19 12:20:00+01:00,2150.6257,2262.1309,2975.1733,2364.011177370621,2375.7172389497146,2396.8074
2013-12-19 12:30:00+01:00,2270.9175,2150.6257,2991.2263,2320.634343302363,2367.976031823848,2357.5276
2013-12-19 12:40:00+01:00,2441.9106,2270.9175,3271.6675,2367.794801532854,2398.1168161711535,2407.754
2013-12-19 12:50:00+01:00,2547.372,2441.9106,3418.4873,2450.913236203389,2457.457331742293,2488.2546
2013-12-19 13:00:00+01:00,2549.3323,2547.372,3506.7034,2560.9077750415468,2494.020631622719,2593.7258
2013-12-19 13:10:00+01:00,2767.8403,2549.3323,3498.3464,2617.676851097436,2556.2019931494538,2652.3098
2013-12-19 13:20:00+01:00,2683.886,2767.8403,3569.2283,2732.2414957332926,2678.1023201596017,2760.8157
2013-12-19 13:30:00+01:00,2711.2275,2683.886,3720.034,2739.917770587952,2755.982371563828,2775.4229
2013-12-19 13:40:00+01:00,2517.5942,2711.2275,4082.5557,2768.645260878203,2814.5636986387863,2811.078
2013-12-19 13:50:00+01:00,2742.896,2517.5942,3707.8462,2663.3024567684715,2641.1413291449503,2725.728
2013-12-19 14:00:00+01:00,2650.2075,2742.896,3686.6035,2715.0912991182745,2749.4132480192575,2775.215
2013-12-19 14:10:00+01:00,2467.6526,2650.2075,3479.6655,2678.0961799264123,2731.5342766082454,2753.8054
2013-12-19 14:20:00+01:00,2606.0076,2467.6526,3577.103,2610.4870046419665,2617.1362665661745,2695.823
2013-12-19 14:30:00+01:00,2583.6455,2606.0076,3656.6106,2602.459403450271,2678.41109505857,2689.499
2013-12-19 14:40:00+01:00,2529.9766,2583.6455,3678.0776,2580.341578301296,2634.0185749935436,2670.0715
2013-12-19 14:50:00+01:00,2546.6702,2529.9766,3535.567,2571.9130452879995,2619.678424421857,2671.1377
2013-12-19 15:00:00+01:00,2376.3787,2546.6702,3376.8801,2557.0135907590748,2586.3997558716333,2657.015
2013-12-19 15:10:00+01:00,2511.2964,2376.3787,3201.6992,2470.288650129955,2530.3078834687917,2567.5303
2013-12-19 15:20:00+01:00,2380.6892,2511.2964,3431.9753,2491.9274414724487,2579.513159061779,2585.0479
2013-12-19 15:30:00+01:00,2496.9202,2380.6892,3477.4856,2430.303235295879,2492.660122811191,2525.672
2013-12-19 15:40:00+01:00,2670.8054,2496.9202,3364.1667,2479.224939201018,2576.7030971291924,2563.8691
2013-12-19 15:50:00+01:00,2527.7153,2670.8054,3284.312,2559.5564111847575,2648.5825072731263,2632.722
2013-12-19 16:00:00+01:00,2489.7966,2527.7153,3185.4412,2561.641371790217,2586.4526822074477,2617.6304
2013-12-19 16:10:00+01:00,2740.8386,2489.7966,3094.7456,2548.71455741537,2580.074623099335,2592.0544
2013-12-19 16:20:00+01:00,2435.4739,2740.8386,3113.1794,2626.084714388091,2637.589790789546,2657.3064
2013-12-19 16:30:00+01:00,2455.3765,2435.4739,3142.384,2542.608274866764,2538.8030444998403,2564.5378
2013-12-19 16:40:00+01:00,2387.4033,2455.3765,3258.4138,2531.391121587228,2577.426113593519,2536.8103
2013-12-19 16:50:00+01:00,2405.84,2387.4033,2934.7275,2444.4066136127954,2495.237631796642,2463.5732
2013-12-19 17:00:00+01:00,2422.1624,2405.84,2884.93,2438.5455784005985,2498.914027080257,2443.3828
2013-12-19 17:10:00+01:00,2372.235,2422.1624,2943.2761,2432.287143372133,2521.5275383217645,2437.0032
2013-12-19 17:20:00+01:00,2159.3252,2372.235,2892.7563,2410.9035367554206,2454.1062141423263,2407.7922
2013-12-19 17:30:00+01:00,2137.3472,2159.3252,3015.9226,2298.5490336026414,2363.4776179856563,2295.8308
2013-12-19 17:40:00+01:00,2231.6365,2137.3472,3012.9724,2218.01843863308,2283.8985570938494,2217.8066
2013-12-19 17:50:00+01:00,2189.936,2231.6365,2831.693,2199.2318254367456,2244.4992862062645,2208.6335
2013-12-19 18:00:00+01:00,2123.9602,2189.936,3028.6846,2182.8690024465595,2267.6680122149087,2191.5642
2013-12-19 18:10:00+01:00,2123.451,2123.9602,2758.2766,2145.5502569741143,2210.4578816623107,2154.8274
2013-12-19 18:20:00+01:00,1877.5533,2123.451,2910.1536,2103.5236782956085,2207.2034124407755,2118.3333
2013-12-19 18:30:00+01:00,2125.435,1877.5533,2794.071,1961.5535239472292,2000.0631916536781,1986.6678
2013-12-19 18:40:00+01:00,2092.7607,2125.435,2620.6812,1995.7436994762977,2013.0163722084376,2024.141
2013-12-19 18:50:00+01:00,1824.8812,2092.7607,2535.8145,1970.9362479045708,1913.3500307843676,2008.1063
2013-12-19 19:00:00+01:00,1729.0023,1824.8812,2712.614,1874.7956832994723,1910.1158751517737,1903.0604
2013-12-19 19:10:00+01:00,1680.3956,1729.0023,2714.043,1745.958127806176,1875.1928799178743,1794.1072
2013-12-19 19:20:00+01:00,1606.5753,1680.3956,2616.8674,1632.9285657027363,1791.722718862401,1702.2952
2013-12-19 19:30:00+01:00,1626.3036,1606.5753,2198.773,1555.695764744046,1585.0712727680711,1626.4366
2013-12-19 19:40:00+01:00,1547.6588,1626.3036,2152.5845,1525.7980447251323,1527.380100535128,1597.7683
2013-12-19 19:50:00+01:00,1395.2604,1547.6588,2111.398,1470.8568625262646,1419.6863224793308,1539.1555
2013-12-19 20:00:00+01:00,1390.3671,1395.2604,1945.91,1380.8668482955968,1316.4499017733551,1441.2993
2013-12-19 20:10:00+01:00,1230.7985,1390.3671,1868.3464,1322.0905819849456,1325.870685987463,1386.9298
2013-12-19 20:20:00+01:00,1114.6785,1230.7985,1818.6428,1215.8421410791389,1260.183439502114,1281.6033
2013-12-19 20:30:00+01:00,1020.2102,1114.6785,1755.3456,1124.1047607686398,1185.9262729168397,1181.78
2013-12-19 20:40:00+01:00,942.3615,1020.2102,1559.6774,1022.8160253257786,1076.9043930376313,1085.7175
2013-12-19 20:50:00+01:00,842.16235,942.3615,1485.1571,943.802664270478,1038.6534041050577,1002.3252
2013-12-19 21:00:00+01:00,718.4314,842.16235,1268.6296,863.8171141569561,945.7465030503337,916.17334
2013-12-19 21:10:00+01:00,781.4337,718.4314,1170.3201,771.9235293363239,831.7353335207249,817.0929
2013-12-19 21:20:00+01:00,700.18353,781.4337,1040.1089,753.6727510195889,849.1245261674285,802.42883
2013-12-19 21:30:00+01:00,728.15845,700.18353,1092.9802,709.6708013596595,838.4660344831578,750.2771
2013-12-19 21:40:00+01:00,701.60626,728.15845,1161.1085,717.6934841690492,824.1774320252588,746.405
2013-12-19 21:50:00+01:00,737.4239,701.60626,1038.0328,697.503353761841,789.944190838297,722.84
2013-12-19 22:00:00+01:00,640.25195,737.4239,892.23157,713.52544689349,747.0918074544478,730.1851
2013-12-19 22:10:00+01:00,642.9851,640.25195,839.0235,673.0295830713394,681.971393720653,680.85846
2013-12-19 22:20:00+01:00,583.51904,642.9851,765.0785,657.8017191477146,666.0126816249161,661.75726
2013-12-19 22:30:00+01:00,631.582,583.51904,817.598,610.7841311901668,619.3301565348959,618.4396
2013-12-19 22:40:00+01:00,589.1496,631.582,737.6974,616.4946219536279,619.2681455520824,624.24677
2013-12-19 22:50:00+01:00,559.72516,589.1496,788.7016,593.8326061630988,601.928530797049,599.8227
2013-12-19 23:00:00+01:00,568.68,559.72516,717.3833,576.8594246335867,616.794115943396,575.53455
2013-12-19 23:10:00+01:00,518.3545,568.68,961.6254,561.7155298206843,582.7272628585706,565.8389
2013-12-19 23:20:00+01:00,516.46484,518.3545,880.5135,531.4625673243377,575.7789817790343,534.39325
2013-12-19 23:30:00+01:00,506.92117,516.46484,801.4865,516.6768925329822,564.1738090760272,520.4051
2013-12-19 23:40:00+01:00,482.3108,506.92117,778.3073,498.07673430091506,567.6975280573992,506.16937
2013-12-19 23:50:00+01:00,465.71014,482.3108,736.0413,480.86821518674685,519.2987745690363,487.24237
2013-12-20 00:00:00+01:00,525.8392,465.71014,640.9776,462.56028829160005,480.7455868897685,469.66486
2013-12-20 00:10:00+01:00,489.60336,525.8392,652.6211,477.81440413913515,515.5075652150886,461.88568
2013-12-20 00:20:00+01:00,372.18173,489.60336,600.1446,469.96854174480416,473.81583525975077,483.56714
2013-12-20 00:30:00+01:00,404.69742,372.18173,584.42175,419.213868687101,414.71200942082214,417.8376
2013-12-20 00:40:00+01:00,391.80353,404.69742,557.5985,397.8350285782327,378.53088625636644,403.49014
2013-12-20 00:50:00+01:00,297.08508,391.80353,570.55914,375.4045478671767,380.20598333363256,393.07727
2013-12-20 01:00:00+01:00,363.3345,297.08508,585.4585,336.18124980125833,353.6471506653959,343.16144
2013-12-20 01:10:00+01:00,311.23398,363.3345,528.4889,341.1759787111108,354.876429518358,354.10852
2013-12-20 01:20:00+01:00,304.2302,311.23398,479.70178,314.8706576508373,323.44130985168255,329.3474
2013-12-20 01:30:00+01:00,292.2712,304.2302,467.96854,313.5402964593334,333.3153421742856,319.716
2013-12-20 01:40:00+01:00,266.19818,292.2712,458.12933,297.2065945002224,320.1077707546182,306.0367
2013-12-20 01:50:00+01:00,241.73764,266.19818,431.39777,282.63176008182506,302.33546238502225,288.35297
2013-12-20 02:00:00+01:00,268.45358,241.73764,425.3543,264.69354624203083,293.88657296113666,268.935
2013-12-20 02:10:00+01:00,255.58801,268.45358,385.7321,267.3210957666249,282.94411646996156,274.7889
2013-12-20 02:20:00+01:00,255.26366,255.58801,387.86047,264.60886050197723,279.77971976324176,269.3831
2013-12-20 02:30:00+01:00,247.74217,255.26366,385.2298,268.5325498857543,277.15651307550206,268.30164
2013-12-20 02:40:00+01:00,261.45126,247.74217,352.71094,264.2897709724356,267.72404698525884,262.38123
2013-12-20 02:50:00+01:00,212.55832,261.45126,361.2526,270.31252246864676,267.3454545734408,268.01385
2013-12-20 03:00:00+01:00,225.63673,212.55832,380.73166,251.7947349605272,265.4612803750848,243.81476
2013-12-20 03:10:00+01:00,253.41428,225.63673,314.0599,250.46070233368596,262.0491740375113,243.66165
2013-12-20 03:20:00+01:00,224.57256,253.41428,300.7847,257.447511730335,263.7932028097349,255.9371
2013-12-20 03:30:00+01:00,224.44083,224.57256,357.03372,254.6529747967785,254.71042213584892,246.48566
2013-12-20 03:40:00+01:00,250.79286,224.44083,348.6495,254.1171914461113,257.45151726496704,244.59958
2013-12-20 03:50:00+01:00,213.31396,250.79286,376.4051,260.4674940852768,251.57436653572057,256.20624
2013-12-20 04:00:00+01:00,220.35384,213.31396,323.42487,249.81890706500053,244.70834967261402,241.05931
2013-12-20 04:10:00+01:00,226.84929,220.35384,306.4742,249.08592503836928,255.50458339492513,242.62141
2013-12-20 04:20:00+01:00,201.8171,226.84929,330.91895,245.40010294073716,244.70834967261402,244.05951
2013-12-20 04:30:00+01:00,205.79384,201.8171,332.81046,236.05969201856283,244.70834967261402,233.19855
2013-12-20 04:40:00+01:00,235.06807,205.79384,312.34933,231.9922381499225,255.9748663789161,233.46239
2013-12-20 04:50:00+01:00,192.8713,235.06807,342.78723,239.5753854727468,245.80640814684693,248.52635
2013-12-20 05:00:00+01:00,216.31819,192.8713,332.0566,226.92783410168863,244.70834967261402,231.39886
2013-12-20 05:10:00+01:00,236.10062,216.31819,325.21027,232.19070968411802,247.07085238991408,243.46272
2013-12-20 05:20:00+01:00,207.19698,236.10062,331.92108,237.25596483817571,244.90045406152655,255.0216
2013-12-20 05:30:00+01:00,252.64702,207.19698,347.4516,233.40051934232076,245.9985125357594,246.75659
2013-12-20 05:40:00+01:00,243.07234,252.64702,365.00818,251.50851799191184,262.62694261902743,273.7544
2013-12-20 05:50:00+01:00,206.34781,243.07234,344.67184,253.69159734065977,248.82375396448296,274.23553
2013-12-20 06:00:00+01:00,246.4004,206.34781,357.2065,246.9815169854777,250.80346186563233,261.4957
2013-12-20 06:10:00+01:00,231.74612,246.4004,370.5993,258.6870370448935,267.9902728173834,282.24213
2013-12-20 06:20:00+01:00,241.9884,231.74612,337.94733,259.9663602814726,248.87564526389414,278.20624
2013-12-20 06:30:00+01:00,240.64299,241.9884,390.7559,276.54275010750064,273.1398465130558,291.7138
2013-12-20 06:40:00+01:00,296.80536,240.64299,426.3634,284.49668692730086,277.51854020049916,295.4871
2013-12-20 06:50:00+01:00,303.16022,296.80536,428.59573,322.0137390408462,295.6205913090678,333.7229
2013-12-20 07:00:00+01:00,369.727,303.16022,462.0987,349.88951115648524,326.441964947521,351.22595
2013-12-20 07:10:00+01:00,364.43896,369.727,468.10217,405.8776886467184,357.77747461132174,405.9198
2013-12-20 07:20:00+01:00,412.51233,364.43896,497.87415,435.02095784140124,385.9212166639688,422.76843
2013-12-20 07:30:00+01:00,379.6234,412.51233,548.8626,484.1415319710477,450.49552379914184,470.1964
2013-12-20 07:40:00+01:00,429.28006,379.6234,709.41785,495.795669768248,503.721151694326,470.53278
2013-12-20 07:50:00+01:00,670.184,429.28006,785.73956,536.3463149854399,556.4519164766566,512.9589
2013-12-20 08:00:00+01:00,684.615,670.184,838.34576,665.3199670088948,678.6411675150782,660.1245
2013-12-20 08:10:00+01:00,693.4316,684.615,990.9095,753.703168991067,853.1730327818885,722.36536
2013-12-20 08:20:00+01:00,856.236,693.4316,1039.6176,824.2289537435771,898.1511098902407,798.5278
2013-12-20 08:30:00+01:00,789.6416,856.236,1123.572,916.1394193175975,962.8649888991583,920.25446
2013-12-20 08:40:00+01:00,935.70966,789.6416,1333.055,939.1448608509804,996.7117427746969,939.42126
2013-12-20 08:50:00+01:00,1030.2852,935.70966,1356.001,1033.0571711312307,1099.1995276046932,1065.0548
2013-12-20 09:00:00+01:00,1220.1327,1030.2852,1505.2988,1106.389258513157,1264.317901423232,1150.831
2013-12-20 09:10:00+01:00,1237.1399,1220.1327,1510.491,1251.2286799808735,1388.6969805957372,1308.2921
2013-12-20 09:20:00+01:00,1306.8203,1237.1399,1588.6987,1329.4640450392283,1438.416710994672,1396.8959
2013-12-20 09:30:00+01:00,1387.7256,1306.8203,1766.7881,1408.758452142081,1471.4564644191655,1490.7925
2013-12-20 09:40:00+01:00,1409.9806,1387.7256,1808.7479,1469.8991143627254,1501.0479127734513,1556.7408
2013-12-20 09:50:00+01:00,1643.7428,1409.9806,1958.7585,1517.1794415088534,1503.2840454798365,1601.056
2013-12-20 10:00:00+01:00,1689.272,1643.7428,1993.3566,1646.9949158552467,1673.515540443574,1729.5051
2013-12-20 10:10:00+01:00,1596.9042,1689.272,2189.3645,1730.0701895950256,1756.7498085999307,1797.9417
2013-12-20 10:20:00+01:00,1671.0422,1596.9042,2084.7886,1749.8887744160165,1784.7895759931457,1813.6287
2013-12-20 10:30:00+01:00,1595.8232,1671.0422,2147.3044,1774.7412012516559,1871.999977183326,1834.7771
2013-12-20 10:40:00+01:00,1878.9929,1595.8232,2104.7397,1744.6451747552103,1787.4353410474766,1801.2775
2013-12-20 10:50:00+01:00,1986.623,1878.9929,2194.374,1873.5856734154722,1892.6622786662342,1937.0015
2013-12-20 11:00:00+01:00,1975.8969,1986.623,2214.081,1978.4725451923812,2047.969443413142,2029.3961
2013-12-20 11:10:00+01:00,1999.3616,1975.8969,2228.4255,2061.6525978000377,2107.2784485976226,2105.883
2013-12-20 11:20:00+01:00,2245.892,1999.3616,2195.0015,2098.145498678149,2138.5204104858835,2138.1104
2013-12-20 11:30:00+01:00,2462.2507,2245.892,2448.7454,2219.051967327199,2188.390461873031,2253.5867
2013-12-20 11:40:00+01:00,2270.8691,2462.2507,2437.5251,2385.4086038535224,2381.2418615016904,2416.03
2013-12-20 11:50:00+01:00,2222.1091,2270.8691,2623.105,2406.9801061961243,2388.0297142738195,2440.041
2013-12-20 12:00:00+01:00,2357.3289,2222.1091,2524.663,2390.9220835972687,2358.3736861696525,2415.5654
2013-12-20 12:10:00+01:00,2275.7559,2357.3289,2549.3057,2408.3221594951865,2425.723436782851,2438.5938
2013-12-20 12:20:00+01:00,2439.7173,2275.7559,2624.7651,2399.1187597413436,2425.8221811740686,2438.143
2013-12-20 12:30:00+01:00,2526.545,2439.7173,2694.4812,2484.437154666936,2575.5263850174074,2520.931
2013-12-20 12:40:00+01:00,2346.0898,2526.545,2781.5293,2547.747880258156,2527.4765591417836,2574.571
2013-12-20 12:50:00+01:00,2470.7983,2346.0898,2865.535,2520.9069841405317,2480.6269702418786,2548.0938
2013-12-20 13:00:00+01:00,2650.6477,2470.7983,2940.3296,2550.9404620934356,2561.198714517643,2574.425
2013-12-20 13:10:00+01:00,2598.8076,2650.6477,3051.0095,2621.572340657335,2677.4671981482297,2647.1536
2013-12-20 13:20:00+01:00,2632.6096,2598.8076,3078.019,2660.5750946661396,2731.1741351367104,2693.4983
2013-12-20 13:30:00+01:00,2461.2249,2632.6096,3083.7793,2693.2604454831685,2747.8626455385315,2728.331
2013-12-20 13:40:00+01:00,2746.582,2461.2249,3283.275,2606.737593197282,2587.1236348569946,2652.9854
2013-12-20 13:50:00+01:00,2632.105,2746.582,3127.0261,2692.433055861243,2768.433498770024,2735.8496
2013-12-20 14:00:00+01:00,2633.7163,2632.105,3230.5867,2664.3408985105607,2726.048656244096,2725.7239
2013-12-20 14:10:00+01:00,2568.3618,2633.7163,3069.2368,2685.682936142064,2692.13572132679,2748.9746
2013-12-20 14:20:00+01:00,2618.5422,2568.3618,3219.235,2624.6310485135195,2671.9040722037175,2702.0146
2013-12-20 14:30:00+01:00,2665.7302,2618.5422,3162.4795,2623.2216628947754,2675.8033183112184,2699.8364
2013-12-20 14:40:00+01:00,2900.3716,2665.7302,3016.3335,2634.910415809815,2708.048779556828,2720.8516
2013-12-20 14:50:00+01:00,2662.6619,2900.3716,3049.2742,2753.8066451808572,2728.9491671611854,2832.2048
2013-12-20 15:00:00+01:00,2651.5894,2662.6619,2995.5251,2706.1941530013346,2703.95187334625,2786.8298
2013-12-20 15:10:00+01:00,2596.082,2651.5894,3060.013,2688.7015272211793,2657.519315554608,2752.967
2013-12-20 15:20:00+01:00,2519.1433,2596.082,3174.633,2611.62795925262,2664.4947161880914,2693.7385
2013-12-20 15:30:00+01:00,2734.3699,2519.1433,2886.7908,2561.281683027909,2622.6628090621243,2640.8474
2013-12-20 15:40:00+01:00,2823.1987,2734.3699,3033.8137,2628.9177643810494,2714.0347289365905,2700.128
2013-12-20 15:50:00+01:00,2617.3066,2823.1987,3123.8599,2704.9311788649557,2722.9378714246986,2760.7673
2013-12-20 16:00:00+01:00,2674.8652,2617.3066,2726.648,2678.814996419558,2676.3015557017566,2719.7288
2013-12-20 16:10:00+01:00,2548.0388,2674.8652,2946.943,2676.9013705316,2665.477541879308,2698.6716
2013-12-20 16:20:00+01:00,2558.9575,2548.0388,3068.1978,2595.1661453189517,2575.029719833605,2624.1355
2013-12-20 16:30:00+01:00,2391.4993,2558.9575,2880.6956,2583.9210509784975,2579.873690901465,2598.6643
2013-12-20 16:40:00+01:00,2764.4683,2391.4993,2967.5896,2487.33900964047,2556.7868655276648,2509.3374
2013-12-20 16:50:00+01:00,2595.302,2764.4683,2932.307,2616.5886204858934,2635.46060330939,2610.8362
2013-12-20 17:00:00+01:00,2626.2993,2595.302,2634.3552,2592.2188350480187,2641.601072092429,2580.886
2013-12-20 17:10:00+01:00,2673.3782,2626.2993,2905.0522,2636.590989865792,2620.0301506693886,2597.0054
2013-12-20 17:20:00+01:00,2455.5232,2673.3782,2935.5886,2624.5193356044424,2642.2400479393323,2599.3667
2013-12-20 17:30:00+01:00,2262.6885,2455.5232,2710.4998,2535.3983443348143,2532.098820509752,2505.3376
2013-12-20 17:40:00+01:00,2273.0952,2262.6885,2826.0476,2396.6654307580684,2421.7682872104,2372.6836
2013-12-20 17:50:00+01:00,2120.3896,2273.0952,2633.5068,2299.589086886638,2351.2332211737116,2296.283
2013-12-20 18:00:00+01:00,2335.026,2120.3896,2496.8335,2180.0291954035856,2240.034960101056,2193.8398
2013-12-20 18:10:00+01:00,2156.287,2335.026,2531.4773,2225.4207830417527,2329.9265841332585,2234.6763
2013-12-20 18:20:00+01:00,2015.8969,2156.287,2551.5496,2146.953834544708,2224.4935475344864,2167.5583
2013-12-20 18:30:00+01:00,2134.4436,2015.8969,2273.8394,2066.433537503998,2073.1749026844846,2077.751
2013-12-20 18:40:00+01:00,1919.2556,2134.4436,2338.1753,2031.8654527917654,2044.1211518617495,2063.5344
2013-12-20 18:50:00+01:00,1839.2903,1919.2556,2365.7478,1916.3848422320557,1878.7050870208384,1958.926
2013-12-20 19:00:00+01:00,1951.7673,1839.2903,2148.0525,1835.85571107458,1888.907597274005,1876.7085
2013-12-20 19:10:00+01:00,1644.755,1951.7673,2083.132,1807.4086609108117,1858.6951027122916,1868.6969
2013-12-20 19:20:00+01:00,1486.1348,1644.755,1962.935,1664.8437788289862,1750.800779058673,1727.581
2013-12-20 19:30:00+01:00,1693.2423,1486.1348,2013.5625,1531.0128113935903,1491.5637962990086,1589.0498
2013-12-20 19:40:00+01:00,1344.2494,1693.2423,1706.276,1513.531894769057,1583.1254384718468,1597.4692
2013-12-20 19:50:00+01:00,1241.1987,1344.2494,1826.3173,1364.5249252358483,1302.5487185016957,1441.5781
2013-12-20 20:00:00+01:00,1227.9812,1241.1987,1699.6411,1270.8910383025054,1319.9190991328142,1330.2861
2013-12-20 20:10:00+01:00,1140.5072,1227.9812,1544.8229,1165.9823051334215,1238.0424053940617,1257.5336
2013-12-20 20:20:00+01:00,1019.1906,1140.5072,1342.9797,1099.761601969866,1222.1248450648684,1180.6017
2013-12-20 20:30:00+01:00,927.6131,1019.1906,1279.7556,1020.7698349887104,1098.5434798901726,1092.7396
2013-12-20 20:40:00+01:00,860.2623,927.6131,1232.818,933.8607647572863,1026.7100041521626,1004.50867
2013-12-20 20:50:00+01:00,789.0069,860.2623,1102.6925,859.1142409309298,947.3021790899074,929.2759
2013-12-20 21:00:00+01:00,744.62024,789.0069,1079.3407,795.0156125138742,868.0490071672095,861.312
2013-12-20 21:10:00+01:00,782.2459,744.62024,1063.9506,747.3280712260773,851.9868827840031,808.5884
2013-12-20 21:20:00+01:00,736.78107,782.2459,1064.7455,741.9219006510918,854.9087413254986,799.8152
2013-12-20 21:30:00+01:00,696.86,736.78107,1109.7765,723.7377735817972,847.5995679008372,770.7809
2013-12-20 21:40:00+01:00,733.6609,696.86,1096.9828,704.6565392503971,805.9900229895779,738.2335
2013-12-20 21:50:00+01:00,721.83344,733.6609,1040.4926,704.0225334992417,807.6749179998168,736.8369
2013-12-20 22:00:00+01:00,662.12854,721.83344,971.82117,699.9354948111813,761.0802422487783,726.62994
2013-12-20 22:10:00+01:00,703.3142,662.12854,819.21045,677.6405172308728,696.4174714463454,692.3936
2013-12-20 22:20:00+01:00,637.8367,703.3142,939.44507,678.7626829871198,743.0320494877691,693.2757
2013-12-20 22:30:00+01:00,693.22076,637.8367,854.6558,645.4178552015758,657.0639315731835,658.2064
2013-12-20 22:40:00+01:00,601.387,693.22076,837.2959,660.6003664017555,717.4504766522548,668.3325
2013-12-20 22:50:00+01:00,664.32275,601.387,809.6473,616.326409502947,644.9083251873566,624.0201
2013-12-20 23:00:00+01:00,564.0374,664.32275,723.49677,630.503185550093,665.4895233475017,634.2029
2013-12-20 23:10:00+01:00,487.8661,564.0374,717.10986,578.1800499189637,596.5733811076283,586.0693
2013-12-20 23:20:00+01:00,539.56445,487.8661,754.6628,529.291005656984,562.3495828665558,529.4529
2013-12-20 23:30:00+01:00,738.7419,539.56445,665.85645,510.60982457778016,562.111273258831,527.81506
2013-12-20 23:40:00+01:00,1177.4384,738.7419,631.0779,592.5004638625092,578.9246480679953,619.4529
2013-12-20 23:50:00+01:00,832.1246,1177.4384,647.3789,841.420508568662,695.0086925063524,856.81537
2013-12-21 00:00:00+01:00,696.6468,832.1246,562.1816,825.6855038417131,743.0183810789282,775.1684
2013-12-21 00:10:00+01:00,505.417,696.6468,568.6476,769.2702930019381,700.4275151494609,675.8364
2013-12-21 00:20:00+01:00,790.2082,505.417,600.47534,581.1429333163495,561.823603738428,579.2579
2013-12-21 00:30:00+01:00,458.1687,790.2082,671.0108,634.9254994923531,628.5928494539963,649.3963
2013-12-21 00:40:00+01:00,404.18,458.1687,540.24054,513.4522076806257,527.6683447955411,521.20514
2013-12-21 00:50:00+01:00,392.979,404.18,561.13934,467.8481646243664,445.04575447020113,431.89014
2013-12-21 01:00:00+01:00,361.36307,392.979,426.83456,383.70017699758637,377.7857941716741,401.1634
2013-12-21 01:10:00+01:00,361.5745,361.36307,456.30737,356.195388170407,372.4315471365288,369.33356
2013-12-21 01:20:00+01:00,322.63083,361.5745,462.04654,347.051051078491,375.42243625033495,355.39893
2013-12-21 01:30:00+01:00,308.55063,322.63083,409.91403,324.0932569935052,340.92325086933545,329.33417
2013-12-21 01:40:00+01:00,308.66302,308.55063,428.03226,309.7442845445361,338.95194599331023,311.72058
2013-12-21 01:50:00+01:00,316.9625,308.66302,417.38947,299.95903415806424,319.7838645560794,304.89798
2013-12-21 02:00:00+01:00,297.1868,316.9625,386.58838,302.2758966671363,323.2265672162922,305.99323
2013-12-21 02:10:00+01:00,320.12656,297.1868,422.17358,296.9325991147133,317.8990973173654,295.33548
2013-12-21 02:20:00+01:00,315.64932,320.12656,413.12112,305.86302662145727,313.6191166072359,302.34283
2013-12-21 02:30:00+01:00,277.5032,315.64932,367.0613,306.9600170141441,302.45623715045394,302.12183
2013-12-21 02:40:00+01:00,282.7768,277.5032,383.90332,295.1559224160957,307.6062615204593,282.20627
2013-12-21 02:50:00+01:00,296.1383,282.7768,368.68402,289.40650383342063,304.77237752700984,277.37323
2013-12-21 03:00:00+01:00,279.48264,296.1383,318.56613,290.5814675550839,288.09595703759845,282.7359
2013-12-21 03:10:00+01:00,274.27963,279.48264,356.99118,288.7343905672873,293.31688923383723,276.10767
2013-12-21 03:20:00+01:00,257.2602,274.27963,362.36743,286.42116886388226,289.4590410651575,270.6396
2013-12-21 03:30:00+01:00,250.54742,257.2602,327.84253,275.25997638909325,274.7786051990187,259.8321
2013-12-21 03:40:00+01:00,319.1933,250.54742,361.4724,267.9229353749961,273.103646348187,253.1577
2013-12-21 03:50:00+01:00,255.39021,319.1933,392.09964,293.9387579197355,286.71363299835554,286.7543
2013-12-21 04:00:00+01:00,269.69437,255.39021,335.10745,280.0241207873037,272.63913225066284,264.57898
2013-12-21 04:10:00+01:00,265.03293,269.69437,344.75296,284.785174704532,289.933449741384,266.01117
2013-12-21 04:20:00+01:00,273.5162,265.03293,409.9027,272.52050838476475,274.27365138601266,262.79187
2013-12-21 04:30:00+01:00,287.6533,273.5162,425.41376,276.9535385907593,279.90820541182626,268.68732
2013-12-21 04:40:00+01:00,283.76547,287.6533,370.51093,282.9608260433895,286.88485320486086,277.86203
2013-12-21 04:50:00+01:00,275.07043,283.76547,368.16885,284.7305370501515,283.1900866703672,279.64688
2013-12-21 05:00:00+01:00,292.82037,275.07043,329.82443,281.3051322856934,285.27331190465196,276.81955
2013-12-21 05:10:00+01:00,332.5462,292.82037,335.45142,285.1761307490947,285.27331190465196,286.1726
2013-12-21 05:20:00+01:00,310.3698,332.5462,371.93497,304.4519684597776,290.78814115495857,311.41388
2013-12-21 05:30:00+01:00,288.39502,310.3698,317.2117,307.06760583352707,297.8740239414702,309.4621
2013-12-21 05:40:00+01:00,300.36313,288.39502,325.83224,300.5597483125539,308.5706777253914,299.58118
2013-12-21 05:50:00+01:00,302.14236,300.36313,336.32974,297.96539539765445,301.85807682862776,303.2047
2013-12-21 06:00:00+01:00,321.63306,302.14236,322.4408,299.997833862717,297.22424548766185,307.06314
2013-12-21 06:10:00+01:00,279.65805,321.63306,374.6084,315.73461839342735,318.3306327892585,321.28314
2013-12-21 06:20:00+01:00,313.6889,279.65805,319.77472,307.65375883298907,311.606101493673,304.21686
2013-12-21 06:30:00+01:00,313.98743,313.6889,322.27902,324.3591257500416,310.3395573587579,320.3763
2013-12-21 06:40:00+01:00,310.84875,313.98743,347.61154,333.1052654728717,309.71542312631277,325.22845
2013-12-21 06:50:00+01:00,316.01263,310.84875,336.65613,349.2197590421887,330.17696641283925,330.1398
2013-12-21 07:00:00+01:00,323.74387,316.01263,366.4286,363.04672371815775,349.66282527455786,335.7625
2013-12-21 07:10:00+01:00,301.79507,323.74387,374.53012,380.63283858283876,351.67991805635876,344.19165
2013-12-21 07:20:00+01:00,326.47913,301.79507,391.56696,388.3629370988883,361.4832046665908,338.17883
2013-12-21 07:30:00+01:00,342.92157,326.47913,370.67868,411.4040135230372,374.8162118856959,353.08255
2013-12-21 07:40:00+01:00,296.91846,342.92157,428.1872,436.2898514167164,389.523886055997,367.9038
2013-12-21 07:50:00+01:00,335.83932,296.91846,434.57974,440.9085188738617,398.81049385968674,352.56323
2013-12-21 08:00:00+01:00,374.44254,335.83932,441.70938,467.1929298211945,408.3365342702389,373.1766
2013-12-21 08:10:00+01:00,345.98758,374.44254,520.7941,500.2602994567511,413.59443978275823,400.27087
2013-12-21 08:20:00+01:00,423.27612,345.98758,505.11343,519.5057791777322,418.6912599245779,400.6319
2013-12-21 08:30:00+01:00,409.3582,423.27612,501.27405,569.3263846854254,452.2069063261849,448.82397
2013-12-21 08:40:00+01:00,468.2277,409.3582,487.5926,588.491238359095,445.6586433498928,456.41534
2013-12-21 08:50:00+01:00,520.4716,468.2277,565.9664,638.6585255971625,495.14580328861325,503.45752
2013-12-21 09:00:00+01:00,583.5124,520.4716,580.1967,683.2417989432372,574.4107000424652,547.7843
2013-12-21 09:10:00+01:00,506.6174,583.5124,661.5094,744.1934175578724,604.2749366185038,606.2931
2013-12-21 09:20:00+01:00,730.40265,506.6174,655.34924,742.5057045254068,635.4302550537204,593.88245
2013-12-21 09:30:00+01:00,708.8068,730.40265,715.3645,843.4761009711192,740.0485776469648,718.9637
2013-12-21 09:40:00+01:00,748.7587,708.8068,741.9239,875.983226600553,806.2608801864595,745.0295
2013-12-21 09:50:00+01:00,776.95844,748.7587,906.65796,937.964059484157,853.3949207608737,809.5608
2013-12-21 10:00:00+01:00,834.7816,776.95844,928.20593,959.6485805254315,892.8229941407019,844.78766
2013-12-21 10:10:00+01:00,927.0139,834.7816,1126.7924,1003.8510638188271,1018.102319533929,898.23724
2013-12-21 10:20:00+01:00,1075.7583,927.0139,1210.8842,1068.0060446677558,1069.9302879531317,974.34955
2013-12-21 10:30:00+01:00,1118.0957,1075.7583,1258.0514,1171.574702357752,1188.7239955952423,1087.2552
2013-12-21 10:40:00+01:00,1275.7828,1118.0957,1341.344,1248.0858884916038,1277.6787195633583,1166.7885
2013-12-21 10:50:00+01:00,1225.114,1275.7828,1576.9667,1363.1835120257715,1409.3778145913245,1297.4966
2013-12-21 11:00:00+01:00,1428.2644,1225.114,1711.0304,1391.5431730193686,1446.1566510170946,1336.7828
2013-12-21 11:10:00+01:00,1449.5228,1428.2644,1827.1998,1508.3694709583517,1536.3228992919826,1473.5242
2013-12-21 11:20:00+01:00,1457.4513,1449.5228,1836.7258,1562.1160634114185,1567.7227988057957,1538.7054
2013-12-21 11:30:00+01:00,1642.2819,1457.4513,2003.9761,1618.5160851946189,1597.9950509922107,1600.4247
2013-12-21 11:40:00+01:00,1650.584,1642.2819,1901.0999,1714.7765365583768,1682.8045459185691,1705.2877
2013-12-21 11:50:00+01:00,1815.624,1650.584,2234.783,1770.6423078634925,1780.7191304321605,1757.6058
2013-12-21 12:00:00+01:00,1969.3022,1815.624,2436.8333,1890.2536577109931,1892.3301283532537,1872.5273
2013-12-21 12:10:00+01:00,1965.2988,1969.3022,2493.6182,2005.417065542194,2005.2471879455259,1983.2344
2013-12-21 12:20:00+01:00,2041.4291,1965.2988,2576.761,2077.7103426398585,2113.8383478111195,2046.5333
2013-12-21 12:30:00+01:00,2129.975,2041.4291,2569.2695,2145.513804751978,2171.381860135082,2112.5608
2013-12-21 12:40:00+01:00,2113.1958,2129.975,2529.548,2204.568850491679,2202.3624928284016,2176.3906
2013-12-21 12:50:00+01:00,2121.882,2113.1958,2889.237,2233.7113029730717,2230.924648736865,2207.771
2013-12-21 13:00:00+01:00,2164.9207,2121.882,2800.5796,2250.353488511447,2288.149967374181,2226.9731
2013-12-21 13:10:00+01:00,2325.1907,2164.9207,2811.1377,2265.448394362064,2333.036551166674,2248.9873
2013-12-21 13:20:00+01:00,2355.1353,2325.1907,2961.5117,2344.201095599615,2376.4836441406073,2330.122
2013-12-21 13:30:00+01:00,2386.17,2355.1353,2937.1155,2397.276861944376,2377.125965104711,2384.7969
2013-12-21 13:40:00+01:00,2157.8718,2386.17,3070.5964,2442.48134458974,2488.9659532760775,2428.4656
2013-12-21 13:50:00+01:00,2452.4163,2157.8718,3123.7393,2345.1107817655675,2336.9823071118917,2348.3533
2013-12-21 14:00:00+01:00,2294.8982,2452.4163,3181.5417,2420.3996047049177,2450.842895415671,2427.205
2013-12-21 14:10:00+01:00,2495.4827,2294.8982,3383.1099,2363.5788357087467,2375.444677596483,2397.602
2013-12-21 14:20:00+01:00,2569.2935,2495.4827,3220.7822,2465.692207016067,2514.8106483018273,2485.8918
2013-12-21 14:30:00+01:00,2397.1416,2569.2935,3157.9006,2505.0393237791823,2560.473393023162,2543.1223
2013-12-21 14:40:00+01:00,2213.5137,2397.1416,3079.857,2477.2167394823873,2520.3501447823633,2510.5007
2013-12-21 14:50:00+01:00,2490.4226,2213.5137,3346.252,2362.933339835953,2405.308971796324,2408.5586
2013-12-21 15:00:00+01:00,2579.4656,2490.4226,3014.7808,2404.0743438886093,2522.1049055900376,2462.467
2013-12-21 15:10:00+01:00,2429.455,2579.4656,3104.6562,2467.7843296926185,2587.8565258607223,2528.3372
2013-12-21 15:20:00+01:00,2475.544,2429.455,3216.5645,2474.2884621378034,2548.020183820995,2517.687
2013-12-21 15:30:00+01:00,2627.732,2475.544,3130.777,2476.808945615113,2547.129758675451,2514.3127
2013-12-21 15:40:00+01:00,2615.4873,2627.732,3147.0364,2526.096980811666,2646.0068341433944,2567.4583
2013-12-21 15:50:00+01:00,2511.2036,2615.4873,2968.4014,2566.7810695925255,2662.0938009487777,2595.0361
2013-12-21 16:00:00+01:00,2755.5808,2511.2036,3474.4817,2549.943454079687,2625.529704118437,2568.5127
2013-12-21 16:10:00+01:00,2681.3354,2755.5808,3041.9165,2634.976432765844,2687.3087639714086,2644.2478
2013-12-21 16:20:00+01:00,2624.8208,2681.3354,3363.6506,2640.440933434924,2663.93743725895,2648.239
2013-12-21 16:30:00+01:00,2838.9736,2624.8208,3140.3357,2648.514793698737,2678.4514364591214,2630.9307
2013-12-21 16:40:00+01:00,2782.5344,2838.9736,3193.604,2717.1236903124645,2745.9340011684076,2703.06
2013-12-21 16:50:00+01:00,2546.956,2782.5344,3130.6245,2729.9973618877502,2741.6482537421657,2709.4946
2013-12-21 17:00:00+01:00,2749.6194,2546.956,3010.85,2651.985670077247,2617.7510831680343,2616.6516
2013-12-21 17:10:00+01:00,2715.9995,2749.6194,2893.586,2672.031103087943,2721.0061514123167,2640.1812
2013-12-21 17:20:00+01:00,2544.2124,2715.9995,2915.0537,2650.647153770573,2711.1031078824935,2634.692
2013-12-21 17:30:00+01:00,2755.3923,2544.2124,2824.3813,2597.49149988088,2628.674847641322,2560.1594
2013-12-21 17:40:00+01:00,2733.1387,2755.3923,2898.5125,2633.838390731994,2704.895769568018,2601.6714
2013-12-21 17:50:00+01:00,2625.955,2733.1387,2690.0376,2625.4009251705447,2654.609534680883,2605.494
2013-12-21 18:00:00+01:00,2288.752,2625.955,2761.846,2599.0226934539432,2683.19078179136,2559.7087
2013-12-21 18:10:00+01:00,2231.908,2288.752,2747.376,2402.0426781826673,2462.3915766531263,2397.7283
2013-12-21 18:20:00+01:00,2133.056,2231.908,2856.41,2258.5977186364144,2326.76615685074,2268.7717
2013-12-21 18:30:00+01:00,2152.1133,2133.056,2998.2705,2115.094974969461,2347.969114262791,2164.672
2013-12-21 18:40:00+01:00,1993.871,2152.1133,3010.9343,2070.034179774842,2208.274402700244,2113.08
2013-12-21 18:50:00+01:00,1951.8522,1993.871,2775.7188,1965.0896873363727,2056.956727543037,2018.6755
2013-12-21 19:00:00+01:00,1813.9457,1951.8522,2581.449,1894.9448917934255,1979.4455131920995,1943.0663
2013-12-21 19:10:00+01:00,1655.6824,1813.9457,2637.1062,1774.8443210862574,1908.509155684553,1840.4452
2013-12-21 19:20:00+01:00,1597.5039,1655.6824,2362.4297,1647.9717148412876,1818.3133523177564,1713.9456
2013-12-21 19:30:00+01:00,1325.4286,1597.5039,2403.5923,1543.7582263766997,1595.9351961504026,1619.8331
2013-12-21 19:40:00+01:00,1457.4199,1325.4286,2313.0232,1365.2746962859744,1323.9728915778837,1448.1995
2013-12-21 19:50:00+01:00,1450.1373,1457.4199,2341.259,1339.519818841289,1382.924450976791,1415.025
2013-12-21 20:00:00+01:00,1219.9037,1450.1373,2250.6663,1305.1983188378895,1379.3481513807963,1388.1737
2013-12-21 20:10:00+01:00,1292.1918,1219.9037,2147.2869,1221.4546154743227,1250.0841357202046,1274.7483
2013-12-21 20:20:00+01:00,1162.7396,1292.1918,1903.3037,1195.1317067616842,1281.6303982836428,1252.3373
2013-12-21 20:30:00+01:00,1148.6572,1162.7396,1660.0603,1106.4780912102385,1190.7264148814654,1179.3278
2013-12-21 20:40:00+01:00,1033.7631,1148.6572,1681.1332,1084.1018161166332,1219.1028452628482,1136.0333
2013-12-21 20:50:00+01:00,946.29254,1033.7631,1615.8784,1004.5425101751708,1118.4278125669257,1064.0886
2013-12-21 21:00:00+01:00,943.5213,946.29254,1501.5702,937.566762384055,1024.2224551816678,985.84607
2013-12-21 21:10:00+01:00,952.71265,943.5213,1508.7455,895.2210519148103,1006.1314505044901,947.07794
2013-12-21 21:20:00+01:00,890.1043,952.71265,1505.9158,883.5754049015287,991.1876076545482,929.0798
2013-12-21 21:30:00+01:00,913.2415,890.1043,1189.2582,859.4039420140004,972.6082253465843,888.64264
2013-12-21 21:40:00+01:00,859.0975,913.2415,1117.6763,858.8321664642908,952.5572335118841,878.52606
2013-12-21 21:50:00+01:00,780.55316,859.0975,1044.1868,828.8495640454227,906.8287869095939,846.29004
2013-12-21 22:00:00+01:00,788.2426,780.55316,955.8047,786.3539789664545,824.5831761111492,792.4109
2013-12-21 22:10:00+01:00,706.01117,788.2426,1006.0294,760.5153928703932,850.0165975935971,770.7851
2013-12-21 22:20:00+01:00,683.7204,706.01117,882.279,708.9244209688541,773.4592175957721,719.9472
2013-12-21 22:30:00+01:00,653.22577,683.7204,958.2608,679.5600425283163,751.4109912945695,683.87177
2013-12-21 22:40:00+01:00,590.1952,653.22577,859.8664,641.867024087536,672.3214469553933,652.7084
2013-12-21 22:50:00+01:00,508.78333,590.1952,771.5482,599.0688309665456,635.2060611537054,606.248
2013-12-21 23:00:00+01:00,559.7363,508.78333,809.5034,538.3857776868115,620.2385087967525,545.9621
2013-12-21 23:10:00+01:00,489.1154,559.7363,773.7577,525.7430372025156,570.7310690165947,543.83295
2013-12-21 23:20:00+01:00,517.43915,489.1154,729.79956,485.8006961401951,541.6685704126538,507.17096
2013-12-21 23:30:00+01:00,570.5882,517.43915,746.2506,488.09963875764663,561.9527718296366,502.127
2013-12-21 23:40:00+01:00,525.5759,570.5882,793.1124,500.44311230929577,567.6028383262557,524.5526
2013-12-21 23:50:00+01:00,463.4319,525.5759,685.05884,494.6892141597689,578.1095141536905,508.09625
2013-12-22 00:00:00+01:00,485.2741,463.4319,659.70013,463.7313780865127,498.15865031269425,468.92548
2013-12-22 00:10:00+01:00,469.79868,485.2741,588.81726,447.1747708823499,458.3077365783909,428.183
2013-12-22 00:20:00+01:00,406.76755,469.79868,587.33405,430.57221538150543,452.03136260031516,414.57425
2013-12-22 00:30:00+01:00,498.52814,406.76755,505.8856,401.27335724983845,396.2874725414409,383.33228
2013-12-22 00:40:00+01:00,419.48297,498.52814,498.685,423.10858147939473,429.45282746030324,417.29398
2013-12-22 00:50:00+01:00,313.36545,419.48297,482.82144,395.71787491140685,397.95201100396133,389.5362
2013-12-22 01:00:00+01:00,311.2208,313.36545,418.5851,347.7609231745546,323.22127081825994,322.10223
2013-12-22 01:10:00+01:00,285.27692,311.2208,397.76035,306.3413308737073,319.2150991381466,298.59277
2013-12-22 01:20:00+01:00,287.1131,285.27692,387.3037,273.4850284276931,306.9538906848696,277.68732
2013-12-22 01:30:00+01:00,288.16458,287.1131,362.5135,268.53217815146013,304.639842821529,268.77438
2013-12-22 01:40:00+01:00,265.65384,288.16458,366.2237,265.23864602947606,293.5095696767801,265.32486
2013-12-22 01:50:00+01:00,327.46786,265.65384,344.38333,257.0072938481426,271.45975141113416,251.31561
2013-12-22 02:00:00+01:00,274.27466,327.46786,326.85522,280.9843749726492,279.0727521583063,277.43848
2013-12-22 02:10:00+01:00,263.7229,274.27466,331.1099,268.6836733000873,272.5225526469658,258.36142
2013-12-22 02:20:00+01:00,257.9314,263.7229,348.21936,265.54884074840265,285.64619301125055,244.96216
2013-12-22 02:30:00+01:00,210.99529,257.9314,314.85608,251.62098046677647,260.6544546684316,238.13011
2013-12-22 02:40:00+01:00,235.3852,210.99529,306.01614,228.9303152239304,250.35611697465882,211.17426
2013-12-22 02:50:00+01:00,244.28406,235.3852,335.4564,229.42600303272252,257.66114276663666,214.46391
2013-12-22 03:00:00+01:00,207.78162,244.28406,283.27878,231.32403561584897,248.789477198281,220.24231
2013-12-22 03:10:00+01:00,191.04721,207.78162,281.24432,223.39815306844753,242.82243299997347,202.34822
2013-12-22 03:20:00+01:00,239.0879,191.04721,338.18475,210.4426691776098,243.2927159839644,187.21944
2013-12-22 03:30:00+01:00,235.65778,239.0879,292.17737,221.71815808046608,230.21999661434566,208.24203
2013-12-22 03:40:00+01:00,192.75902,235.65778,301.58112,228.71547342881718,240.08133787085532,213.0083
2013-12-22 03:50:00+01:00,211.66522,192.75902,346.29553,218.6546415755529,244.01218204637922,191.54951
2013-12-22 04:00:00+01:00,198.14497,211.66522,287.53348,216.3824154004385,233.53982659915332,195.01526
2013-12-22 04:10:00+01:00,188.68126,198.14497,306.99564,205.77673089316045,231.64760686584418,189.26227
2013-12-22 04:20:00+01:00,197.03189,188.68126,330.93472,201.38177684424477,240.55162085484625,183.10115
2013-12-22 04:30:00+01:00,207.60875,197.03189,271.05948,199.1163299218356,240.08133787085532,185.52866
2013-12-22 04:40:00+01:00,194.52625,207.60875,306.90762,202.56706358052884,231.64760686584418,192.51791
2013-12-22 04:50:00+01:00,199.42442,194.52625,315.5683,199.39629403121648,231.64760686584418,188.12213
2013-12-22 05:00:00+01:00,191.96487,199.42442,252.07535,199.21372759315386,231.17732388185325,190.22499
2013-12-22 05:10:00+01:00,184.78975,191.96487,306.58807,193.18153223131958,231.17732388185325,187.27242
2013-12-22 05:20:00+01:00,202.44556,184.78975,312.18585,188.3717027175287,231.83971125475668,183.69806
2013-12-22 05:30:00+01:00,188.9675,202.44556,271.6971,192.85989488128894,231.36942827076575,193.049
2013-12-22 05:40:00+01:00,196.66335,188.9675,281.80188,190.10285646133093,231.36942827076575,189.14798
2013-12-22 05:50:00+01:00,218.4388,196.66335,308.57193,195.53557065719224,232.51644915419394,194.06844
2013-12-22 06:00:00+01:00,204.28622,218.4388,260.56235,207.22045441704176,233.71773244936566,208.16528
2013-12-22 06:10:00+01:00,204.22127,204.28622,309.4452,211.7611837402585,234.83647030264027,206.19638
2013-12-22 06:20:00+01:00,212.75473,204.22127,327.26434,218.57286940266022,234.83647030264027,207.99069
2013-12-22 06:30:00+01:00,201.71213,212.75473,272.7059,226.9733596616495,235.76044952523392,214.33582
2013-12-22 06:40:00+01:00,182.26083,201.71213,297.13336,233.0913172422313,240.53474260515836,212.20697
2013-12-22 06:50:00+01:00,215.85309,182.26083,334.07584,234.22858804150746,248.8041476119618,203.07861
2013-12-22 07:00:00+01:00,209.48022,215.85309,292.11954,254.7224511796735,261.28827629552165,221.01581
2013-12-22 07:10:00+01:00,202.72679,209.48022,340.07,269.4066772024049,271.62427839915773,223.69452
2013-12-22 07:20:00+01:00,241.69568,202.72679,330.6648,286.32927064992214,270.1327939499294,224.93372
2013-12-22 07:30:00+01:00,212.7093,241.69568,389.08768,316.50711991953415,293.3944322836166,249.05034
2013-12-22 07:40:00+01:00,195.13115,212.7093,530.94916,327.48483194226947,296.06737133990174,241.86433
2013-12-22 07:50:00+01:00,250.33661,195.13115,414.2649,337.0961142627682,296.8082490679612,235.69655
2013-12-22 08:00:00+01:00,234.88385,250.33661,405.94513,368.2530728088366,297.91959401487435,266.44745
2013-12-22 08:10:00+01:00,237.84229,234.88385,459.02927,386.6610411674426,296.06737133990174,268.5893
2013-12-22 08:20:00+01:00,284.89966,237.84229,463.02222,410.6248535024803,308.1189869496552,278.25122
2013-12-22 08:30:00+01:00,271.18427,284.89966,473.4037,443.5224926863119,310.2431564601445,309.44308
2013-12-22 08:40:00+01:00,261.90845,271.18427,496.8063,462.02728105666506,316.8944342243153,314.87335
2013-12-22 08:50:00+01:00,294.08463,261.90845,529.28625,475.81832893147396,329.5400829540586,319.26782
2013-12-22 09:00:00+01:00,349.03415,294.08463,522.9733,495.6466004778729,338.40850649701343,341.73584
2013-12-22 09:10:00+01:00,349.05515,349.03415,548.52747,534.7733183178563,345.89838317986994,383.12115
2013-12-22 09:20:00+01:00,378.0785,349.05515,623.22516,561.5895917381088,397.8077721833626,401.95587
2013-12-22 09:30:00+01:00,424.97803,378.0785,644.42413,591.9066334010076,436.0512428721991,432.7456
2013-12-22 09:40:00+01:00,469.05362,424.97803,673.43353,625.0138644935377,481.42141228077276,472.74426
2013-12-22 09:50:00+01:00,553.50824,469.05362,900.9782,666.0283572021563,522.7829769331298,517.4456
2013-12-22 10:00:00+01:00,689.464,553.50824,816.3874,727.4732338303183,604.6902567415328,586.7487
2013-12-22 10:10:00+01:00,631.2228,689.464,978.78156,820.5237566870304,752.6028915188745,690.265
2013-12-22 10:20:00+01:00,707.78723,631.2228,1081.343,846.9055511659691,751.7293167781891,707.33405
2013-12-22 10:30:00+01:00,766.17035,707.78723,1091.9026,898.8027492165662,825.4589034247757,775.72675
2013-12-22 10:40:00+01:00,803.8872,766.17035,1309.0472,935.7436291033582,843.2921119329188,830.084
2013-12-22 10:50:00+01:00,971.2718,803.8872,1374.8766,986.6584895252481,978.0410871433859,884.73
2013-12-22 11:00:00+01:00,1046.3397,971.2718,1422.5746,1087.7050440485186,1180.184027448754,998.85785
2013-12-22 11:10:00+01:00,1230.1508,1046.3397,1650.9298,1174.2384853534845,1264.8789598396643,1085.3999
2013-12-22 11:20:00+01:00,1127.9285,1230.1508,1733.595,1314.2290499922383,1368.6198202937608,1232.3146
2013-12-22 11:30:00+01:00,1449.8252,1127.9285,1695.4235,1333.8085480815469,1335.2586336779032,1254.9052
2013-12-22 11:40:00+01:00,1383.4529,1449.8252,1849.1559,1498.052445458889,1506.1517950863592,1439.7053
2013-12-22 11:50:00+01:00,1643.272,1383.4529,1892.614,1530.5802615125758,1469.151694887135,1480.6466
2013-12-22 12:00:00+01:00,1733.9001,1643.272,2023.5764,1702.4734995835256,1632.9290296587321,1652.9827
2013-12-22 12:10:00+01:00,1675.9011,1733.9001,2123.922,1796.7118159203205,1747.9357354605825,1760.0653
2013-12-22 12:20:00+01:00,1833.2424,1675.9011,2235.975,1849.128035085003,1819.1825748978654,1806.6598
2013-12-22 12:30:00+01:00,1764.0161,1833.2424,2122.5881,1928.113958971325,1967.1293613875487,1895.0447
2013-12-22 12:40:00+01:00,2001.0841,1764.0161,2134.246,1924.900877734645,1952.6056310466195,1902.1007
2013-12-22 12:50:00+01:00,1983.384,2001.0841,2539.8552,2046.8980862223295,2108.7917926876044,2013.2877
2013-12-22 13:00:00+01:00,2070.5903,1983.384,2578.364,2079.474803721494,2133.8453333682487,2051.1584
2013-12-22 13:10:00+01:00,2207.3523,2070.5903,2608.727,2158.7512214404323,2155.928425513854,2115.9128
2013-12-22 13:20:00+01:00,2090.5422,2207.3523,2484.7502,2232.075518485194,2243.0661654795176,2199.6375
2013-12-22 13:30:00+01:00,1998.6561,2090.5422,2361.1787,2222.9760348943337,2186.4290184922415,2195.374
2013-12-22 13:40:00+01:00,2118.2163,1998.6561,2399.082,2174.478282798251,2229.318992838241,2153.5083
2013-12-22 13:50:00+01:00,2046.2312,2118.2163,2422.2095,2174.6629959302268,2220.081914096064,2177.6655
2013-12-22 14:00:00+01:00,2005.1089,2046.2312,2714.3743,2142.8056877027493,2184.759113752889,2159.287
2013-12-22 14:10:00+01:00,2134.599,2005.1089,2583.7988,2121.9599623627555,2215.9552718218697,2133.7356
2013-12-22 14:20:00+01:00,2146.1335,2134.599,2698.714,2146.467192934669,2236.111787299048,2168.7395
2013-12-22 14:30:00+01:00,2083.6038,2146.1335,2606.9653,2164.676424224177,2253.373430762578,2189.9617
2013-12-22 14:40:00+01:00,2265.5215,2083.6038,2682.9873,2157.1999631656795,2229.833944762988,2177.2625
2013-12-22 14:50:00+01:00,2261.104,2265.5215,2680.1707,2219.33723570123,2293.3947755621025,2242.6045
2013-12-22 15:00:00+01:00,2310.0315,2261.104,2645.521,2241.8181577475816,2323.6833138377497,2271.3894
2013-12-22 15:10:00+01:00,2401.2407,2310.0315,2729.0703,2294.965130257354,2380.0656787298954,2311.3247
2013-12-22 15:20:00+01:00,2304.6191,2401.2407,2856.5369,2343.878879282812,2447.449371849322,2367.5742
2013-12-22 15:30:00+01:00,2281.7644,2304.6191,2966.3354,2330.880957794049,2431.265366500654,2355.0122
2013-12-22 15:40:00+01:00,2348.873,2281.7644,2922.6616,2316.85808389805,2403.827931502061,2336.4731
2013-12-22 15:50:00+01:00,2395.8262,2348.873,2932.8667,2323.855912030959,2440.5539460852365,2352.1067
2013-12-22 16:00:00+01:00,2172.3374,2395.8262,3102.4612,2358.2236282314025,2470.154619404335,2374.8162
2013-12-22 16:10:00+01:00,2329.1118,2172.3374,2976.7158,2285.366550969347,2384.809497131369,2292.6228
2013-12-22 16:20:00+01:00,2651.8508,2329.1118,2962.5493,2315.2512383214157,2395.6583451314896,2304.757
2013-12-22 16:30:00+01:00,2556.0718,2651.8508,3077.3818,2453.356883189828,2518.0527372892643,2442.098
2013-12-22 16:40:00+01:00,2471.201,2556.0718,3341.7485,2517.9029302952845,2523.1547867844833,2466.555
2013-12-22 16:50:00+01:00,2486.2014,2471.201,2870.308,2521.5056592068877,2529.8103615709965,2450.069
2013-12-22 17:00:00+01:00,2402.3154,2486.2014,3017.3818,2487.1100857304173,2551.6938602940695,2449.1033
2013-12-22 17:10:00+01:00,2440.9219,2402.3154,2786.843,2431.9068140414174,2564.138921623691,2402.8516
2013-12-22 17:20:00+01:00,2260.968,2440.9219,2738.2166,2426.0244911850914,2596.3204743999872,2386.6833
2013-12-22 17:30:00+01:00,2325.243,2260.968,2814.9487,2329.0192365888124,2395.9077105568163,2304.131
2013-12-22 17:40:00+01:00,2008.1633,2325.243,3089.036,2312.2926297658632,2393.447250205122,2271.9858
2013-12-22 17:50:00+01:00,2312.8545,2008.1633,2778.1636,2136.407942958469,2201.7540778039124,2126.441
2013-12-22 18:00:00+01:00,1884.4529,2312.8545,2793.8699,2196.1325994406143,2276.174646037574,2155.4878
2013-12-22 18:10:00+01:00,2071.2512,1884.4529,2813.6404,1995.6478257957372,2093.785980098162,1996.9077
2013-12-22 18:20:00+01:00,1986.6575,2071.2512,2760.8713,2021.8665380712566,2108.6735808517324,1973.3522
2013-12-22 18:30:00+01:00,1833.105,1986.6575,2674.6514,1923.3455830761773,2025.1228218199794,1939.939
2013-12-22 18:40:00+01:00,1691.1322,1833.105,2497.2334,1853.0934984475437,1874.9933074096377,1839.4742
2013-12-22 18:50:00+01:00,1681.0178,1691.1322,2555.328,1718.1236003016584,1796.4469365661193,1734.2959
2013-12-22 19:00:00+01:00,1457.5157,1681.0178,2471.1904,1631.693158286327,1784.7179481192857,1664.043
2013-12-22 19:10:00+01:00,1255.7268,1457.5157,2423.6038,1484.0881019050921,1505.9295738254968,1525.966
2013-12-22 19:20:00+01:00,1255.9373,1255.7268,2052.9524,1324.2584716593815,1297.6938514492965,1360.5924
2013-12-22 19:30:00+01:00,1104.2017,1255.9373,1793.0518,1218.9972623883896,1264.4273628934284,1277.8895
2013-12-22 19:40:00+01:00,929.8861,1104.2017,1750.4432,1099.2398497326387,1187.3513153755268,1162.2133
2013-12-22 19:50:00+01:00,896.4366,929.8861,1542.7161,976.3875116831962,1086.733906232754,1025.0353
2013-12-22 20:00:00+01:00,807.0841,896.4366,1552.5208,883.0911791925657,1049.6387905615575,947.7244
2013-12-22 20:10:00+01:00,1002.8872,807.0841,1458.407,795.2270503071941,943.5360695923125,868.4604
2013-12-22 20:20:00+01:00,794.06885,1002.8872,1356.0596,851.7120628382917,999.009657259716,922.32477
2013-12-22 20:30:00+01:00,773.29156,794.06885,1211.9283,784.4844659905755,890.3987613278454,842.29535
2013-12-22 20:40:00+01:00,666.1855,773.29156,1163.1595,765.2981234682478,874.6847947519359,796.1744
2013-12-22 20:50:00+01:00,663.61017,666.1855,1058.606,671.910093906044,765.058041981791,731.3852
2013-12-22 21:00:00+01:00,622.58167,663.61017,966.96796,643.3877734855299,703.6666132046051,694.3434
2013-12-22 21:10:00+01:00,596.79895,622.58167,981.40106,605.3307638666572,679.0014855900823,657.775
2013-12-22 21:20:00+01:00,650.94525,596.79895,827.83417,586.1256405478151,647.3553242771718,624.26263
2013-12-22 21:30:00+01:00,500.13675,650.94525,701.6924,598.3956168082402,637.7312811235136,633.87463
2013-12-22 21:40:00+01:00,519.0877,500.13675,754.4538,540.4144657239689,557.5811643144102,560.56995
2013-12-22 21:50:00+01:00,522.98975,519.0877,731.9561,525.8929859582014,572.9952125454437,535.97064
2013-12-22 22:00:00+01:00,535.3907,522.98975,651.9787,502.65335584266734,540.0521115610065,529.6656
2013-12-22 22:10:00+01:00,484.15634,535.3907,763.32764,512.7318889222877,563.0750073976214,526.1542
2013-12-22 22:20:00+01:00,455.881,484.15634,631.355,492.5624394863629,493.39587546467243,496.63342
2013-12-22 22:30:00+01:00,444.85413,455.881,682.82007,468.74140100611805,497.6116602312859,467.93365
2013-12-22 22:40:00+01:00,423.22687,444.85413,692.96216,444.58447924236134,481.64375987814003,450.2968
2013-12-22 22:50:00+01:00,406.41708,423.22687,672.80457,423.6796088033798,450.84462633645194,429.65347
2013-12-22 23:00:00+01:00,471.26865,406.41708,579.7041,405.42691851806114,414.1792952860947,410.3562
2013-12-22 23:10:00+01:00,413.9503,471.26865,567.53156,422.3398402310735,448.0462419976927,432.50366
2013-12-22 23:20:00+01:00,342.5726,413.9503,505.4061,404.50310096764974,416.15150729527227,409.60413
2013-12-22 23:30:00+01:00,381.97705,342.5726,483.5202,368.20236961148385,376.56328444342626,361.22955
2013-12-22 23:40:00+01:00,298.52628,381.97705,497.01248,353.90802615545715,384.3540264222303,363.52753
2013-12-22 23:50:00+01:00,353.7261,298.52628,499.63754,307.9939333826924,354.76930185930104,321.634
