timestamp,actual,Persistence,Seasonal naive (week),ARIMA+Fourier,LightGBM,LSTM
2013-12-16 00:00:00+01:00,346.46027,346.18082,317.95996,335.29719269381326,375.55513011433317,358.9378
2013-12-16 00:10:00+01:00,335.47937,346.46027,395.84546,315.5544466579828,345.2769621178339,238.09055
2013-12-16 00:20:00+01:00,321.91083,335.47937,346.24234,299.74861360478826,336.81302453653626,311.40683
2013-12-16 00:30:00+01:00,286.60004,321.91083,297.68066,291.9042676024177,311.0252997131813,312.04608
2013-12-16 00:40:00+01:00,299.6622,286.60004,232.73996,270.3729319128414,271.40612870346433,285.4328
2013-12-16 00:50:00+01:00,247.8545,299.6622,252.48586,268.60097086001065,270.4516837416478,285.30655
2013-12-16 01:00:00+01:00,235.49236,247.8545,238.67729,239.4944432325126,253.11519768111305,244.9402
2013-12-16 01:10:00+01:00,268.69864,235.49236,253.941,228.10027972144394,242.28470836241266,228.17218
2013-12-16 01:20:00+01:00,252.07263,268.69864,225.68031,233.33434003799357,251.4882562507996,246.38538
2013-12-16 01:30:00+01:00,218.37958,252.07263,197.4249,232.0317900578359,244.7626075299853,234.94292
2013-12-16 01:40:00+01:00,231.68237,218.37958,211.34184,222.00430566115506,231.6335345152709,208.9906
2013-12-16 01:50:00+01:00,209.62328,231.68237,216.99399,220.56999555974903,234.56240599581173,214.4025
2013-12-16 02:00:00+01:00,209.11711,209.62328,240.32466,206.94335410857502,210.19884678689897,197.95715
2013-12-16 02:10:00+01:00,235.20218,209.11711,196.97177,207.29352608656473,227.48388898238468,195.05692
2013-12-16 02:20:00+01:00,214.24268,235.20218,203.8146,217.17266219890007,219.29342260240523,212.5908
2013-12-16 02:30:00+01:00,207.96501,214.24268,204.01747,213.40343093699653,211.8723017492806,198.45325
2013-12-16 02:40:00+01:00,218.90169,207.96501,174.18658,212.91812204694543,225.4678301803055,192.21983
2013-12-16 02:50:00+01:00,192.52118,218.90169,201.21375,213.08340267802487,211.8723017492806,198.86417
2013-12-16 03:00:00+01:00,199.50375,192.52118,187.0758,201.0396756916939,204.89871413222767,179.34323
2013-12-16 03:10:00+01:00,205.08748,199.50375,180.61635,201.75157490847846,208.64774402768447,182.31018
2013-12-16 03:20:00+01:00,198.84103,205.08748,199.96582,200.00430697025854,198.12162185733786,185.85507
2013-12-16 03:30:00+01:00,199.28387,198.84103,188.24231,199.51252476858622,196.5705190981233,181.008
2013-12-16 03:40:00+01:00,209.12245,199.28387,179.66675,199.52672465591786,205.42755084708102,180.57802
2013-12-16 03:50:00+01:00,184.26079,209.12245,195.56053,202.97387506283212,197.29891728371047,187.45287
2013-12-16 04:00:00+01:00,201.11852,184.26079,187.68079,192.3866619665837,190.18920663463618,168.84775
2013-12-16 04:10:00+01:00,209.11015,201.11852,175.3631,197.86139799715625,207.82503945405708,180.00674
2013-12-16 04:20:00+01:00,183.43298,209.11015,210.97166,199.74225499964382,198.673506452457,186.29312
2013-12-16 04:30:00+01:00,199.95718,183.43298,176.33896,192.4042816227702,199.56897436491855,167.2414
2013-12-16 04:40:00+01:00,200.8317,199.95718,169.58931,197.4402106592338,212.2384422451361,178.58755
2013-12-16 04:50:00+01:00,179.1481,200.8317,189.11652,195.81082646893265,191.62238606193694,179.67743
2013-12-16 05:00:00+01:00,210.14604,179.1481,184.41405,189.2842940878661,193.03899426924718,163.51862
2013-12-16 05:10:00+01:00,205.14394,210.14604,190.59543,201.22165012884784,201.7123200747895,186.511
2013-12-16 05:20:00+01:00,189.92653,205.14394,197.265,200.94452758434136,193.1734888211515,184.30531
2013-12-16 05:30:00+01:00,202.23596,189.92653,219.96927,200.15800892170114,206.92579719321128,173.6889
2013-12-16 05:40:00+01:00,209.58281,202.23596,177.67964,203.0321513076608,207.45463390806464,183.31442
2013-12-16 05:50:00+01:00,187.69508,209.58281,238.15482,207.00986711874884,193.1734888211515,190.34328
2013-12-16 06:00:00+01:00,199.13739,187.69508,204.31412,201.6676708429511,202.60778798725104,175.6131
2013-12-16 06:10:00+01:00,207.1426,199.13739,200.32045,206.16830297086108,210.67482708866808,185.29927
2013-12-16 06:20:00+01:00,193.52405,207.1426,238.48499,209.52856116362295,197.24403944268713,193.54541
2013-12-16 06:30:00+01:00,233.35507,193.52405,211.10611,209.24373995190126,202.14595276321378,186.26904
2013-12-16 06:40:00+01:00,318.2609,233.35507,204.81519,231.13246662814367,233.17717380980892,219.19856
2013-12-16 06:50:00+01:00,289.03192,318.2609,236.59729,282.6451319672683,259.84481399104334,288.80035
2013-12-16 07:00:00+01:00,270.34906,289.03192,291.5712,298.6774984158601,289.9442847791341,276.5318
2013-12-16 07:10:00+01:00,247.3762,270.34906,269.6608,307.00961554586434,291.6266577927251,269.5957
2013-12-16 07:20:00+01:00,269.4001,247.3762,278.50156,289.80689830780534,288.71410019495084,257.0943
2013-12-16 07:30:00+01:00,277.7562,269.4001,298.2216,297.64147485705826,292.6307200905078,277.95282
2013-12-16 07:40:00+01:00,299.50864,277.7562,345.15765,307.7798862595041,309.98072324172585,291.3553
2013-12-16 07:50:00+01:00,318.23898,299.50864,337.18958,332.93105268008117,324.22578711423523,316.89124
2013-12-16 08:00:00+01:00,395.32355,318.23898,476.73785,356.9767030738403,370.57811992555287,341.8854
2013-12-16 08:10:00+01:00,432.19437,395.32355,408.7223,413.76872942998034,418.02165188126804,411.11548
2013-12-16 08:20:00+01:00,419.6882,432.19437,514.8056,462.47909589633423,487.87347473797047,455.47595
2013-12-16 08:30:00+01:00,572.12714,419.6882,526.7978,491.7822064311389,482.7775132434916,467.26697
2013-12-16 08:40:00+01:00,695.29205,572.12714,698.73895,585.6222919521892,632.4517104055444,593.6418
2013-12-16 08:50:00+01:00,704.80206,695.29205,792.27057,688.5530370789938,721.4074001665342,705.1935
2013-12-16 09:00:00+01:00,789.2132,704.80206,684.21313,766.1491100414083,697.286124673547,748.69855
2013-12-16 09:10:00+01:00,869.79865,789.2132,849.7741,851.432230336978,835.0839708375574,840.5993
2013-12-16 09:20:00+01:00,834.4706,869.79865,864.75494,924.7325669279071,902.3311858959338,923.9954
2013-12-16 09:30:00+01:00,946.5521,834.4706,829.9467,955.9682126797032,896.3444098650896,933.3697
2013-12-16 09:40:00+01:00,943.60834,946.5521,924.35614,1036.7688950187908,1032.631446302334,1033.3555
2013-12-16 09:50:00+01:00,961.70447,943.60834,1081.2377,1063.735592408236,1081.6495011993409,1053.4989
2013-12-16 10:00:00+01:00,1011.9496,961.70447,1227.2158,1111.0266478054984,1140.452260023805,1091.5471
2013-12-16 10:10:00+01:00,947.59705,1011.9496,1222.7236,1152.4524819798005,1166.153056569947,1140.5198
2013-12-16 10:20:00+01:00,1048.656,947.59705,1411.2383,1147.1832790836872,1217.3202978736722,1116.906
2013-12-16 10:30:00+01:00,1179.4794,1048.656,1989.6626,1208.635134078822,1310.9427510817416,1191.8301
2013-12-16 10:40:00+01:00,1383.9191,1179.4794,1708.2103,1293.1548065031973,1437.248646482887,1285.8408
2013-12-16 10:50:00+01:00,1328.7418,1383.9191,1852.7535,1458.6691114535984,1620.54843729652,1449.2615
2013-12-16 11:00:00+01:00,1379.0597,1328.7418,1988.082,1514.2001043223536,1687.8811246893633,1470.2488
2013-12-16 11:10:00+01:00,1550.8689,1379.0597,1964.1075,1584.5079932107305,1749.6020192032265,1540.7545
2013-12-16 11:20:00+01:00,1559.0098,1550.8689,2397.8958,1677.7746296992946,1820.839002809746,1654.2192
2013-12-16 11:30:00+01:00,1864.4413,1559.0098,2260.8452,1736.7074530492118,1837.044621796492,1692.9615
2013-12-16 11:40:00+01:00,1848.016,1864.4413,2480.8489,1938.3584280073687,2002.6625561068606,1916.376
2013-12-16 11:50:00+01:00,1709.3956,1848.016,2701.784,2000.3369560820197,2116.6432801567257,1954.4553
2013-12-16 12:00:00+01:00,1961.1587,1709.3956,3042.1436,1999.3490005432955,2064.118274520255,1929.0497
2013-12-16 12:10:00+01:00,2086.6458,1961.1587,2974.8464,2094.664769652789,2079.730940359218,2066.3555
2013-12-16 12:20:00+01:00,1910.0787,2086.6458,2903.137,2178.3216041727355,2320.711256255938,2144.9382
2013-12-16 12:30:00+01:00,2116.0876,1910.0787,3203.4827,2170.352225506819,2158.7026527650537,2107.319
2013-12-16 12:40:00+01:00,2292.748,2116.0876,3222.1165,2261.845682801375,2384.1046815241566,2239.0964
2013-12-16 12:50:00+01:00,2109.0095,2292.748,3078.2805,2347.9218471327617,2419.078636634658,2330.41
2013-12-16 13:00:00+01:00,2360.4446,2109.0095,3505.768,2331.7254587736734,2343.375240044625,2280.65
2013-12-16 13:10:00+01:00,2505.1448,2360.4446,3160.888,2452.1112223528844,2528.685309802717,2447.3145
2013-12-16 13:20:00+01:00,2585.238,2505.1448,3734.7727,2526.1287321125124,2598.9274738640834,2524.8857
2013-12-16 13:30:00+01:00,2969.4912,2585.238,3456.372,2644.304919501978,2692.0690353119353,2628.7107
2013-12-16 13:40:00+01:00,3057.33,2969.4912,3440.244,2878.0291244408772,2982.6112196655804,2896.7666
2013-12-16 13:50:00+01:00,2938.056,3057.33,3618.8582,3010.6694282912986,2991.926980543127,3001.373
2013-12-16 14:00:00+01:00,2866.0698,2938.056,3394.556,3046.16433642028,3148.1657851988643,3018.349
2013-12-16 14:10:00+01:00,2798.73,2866.0698,3321.4023,2994.3987072984764,3011.0154873500996,2990.48
2013-12-16 14:20:00+01:00,2803.0942,2798.73,3433.353,2908.1879975174297,2944.038841759868,2905.9165
2013-12-16 14:30:00+01:00,2646.84,2803.0942,3996.081,2871.3132286029268,2997.5804254419686,2879.8188
2013-12-16 14:40:00+01:00,2462.6577,2646.84,3518.5361,2770.564194052979,2794.301286561397,2781.5757
2013-12-16 14:50:00+01:00,2350.5298,2462.6577,3350.2095,2639.806668094909,2708.7876216827094,2652.0542
2013-12-16 15:00:00+01:00,2328.2554,2350.5298,3353.4287,2504.2576747585317,2595.45628270293,2523.6663
2013-12-16 15:10:00+01:00,2480.486,2328.2554,3593.0608,2424.4885471184707,2535.1964302515685,2451.1997
2013-12-16 15:20:00+01:00,2310.5579,2480.486,3450.2998,2470.0279242502456,2593.1570424356305,2507.8413
2013-12-16 15:30:00+01:00,2615.6433,2310.5579,3290.5027,2410.9277604425065,2517.5171792279016,2416.9924
2013-12-16 15:40:00+01:00,2538.4104,2615.6433,3320.6372,2565.7314955659294,2574.438443629511,2587.991
2013-12-16 15:50:00+01:00,2448.4739,2538.4104,3220.2751,2553.301953052416,2564.669265351047,2542.3367
2013-12-16 16:00:00+01:00,2772.0137,2448.4739,3231.7446,2563.366886253896,2540.3524692501887,2524.8174
2013-12-16 16:10:00+01:00,2690.5195,2772.0137,3408.0667,2692.0729214899866,2603.2399385933627,2691.389
2013-12-16 16:20:00+01:00,2592.648,2690.5195,3187.6296,2699.009645052963,2711.1299144104755,2645.6357
2013-12-16 16:30:00+01:00,2785.3909,2592.648,2956.604,2706.344418704604,2651.690046508549,2630.6702
2013-12-16 16:40:00+01:00,2619.2585,2785.3909,3463.5615,2762.7934067086135,2760.422700310868,2721.3123
2013-12-16 16:50:00+01:00,2633.5862,2619.2585,3122.2014,2692.958501979955,2640.3080761894403,2606.665
2013-12-16 17:00:00+01:00,2544.4758,2633.5862,3157.8108,2703.6858526951387,2756.7170271961845,2619.5225
2013-12-16 17:10:00+01:00,2674.0369,2544.4758,3118.673,2615.093504421302,2611.735223228948,2537.6514
2013-12-16 17:20:00+01:00,2557.1147,2674.0369,2964.6245,2654.58251940834,2628.125464316209,2581.2332
2013-12-16 17:30:00+01:00,2391.7551,2557.1147,3050.6497,2588.978373772846,2557.1323329328284,2493.6116
2013-12-16 17:40:00+01:00,2553.3015,2391.7551,2808.9746,2494.879233432517,2489.7734835308474,2393.7666
2013-12-16 17:50:00+01:00,2696.6912,2553.3015,2942.3992,2497.3954488826994,2474.553771007715,2443.0469
2013-12-16 18:00:00+01:00,2386.3591,2696.6912,2844.1328,2546.5957969032315,2594.9766614529635,2484.3926
2013-12-16 18:10:00+01:00,2363.5815,2386.3591,3190.8274,2435.836064362894,2483.79921846392,2314.1782
2013-12-16 18:20:00+01:00,2429.09,2363.5815,3298.341,2370.0848092645147,2495.6184062375023,2301.4548
2013-12-16 18:30:00+01:00,2416.3308,2429.09,3014.8994,2304.7961968674063,2402.968654656419,2278.8599
2013-12-16 18:40:00+01:00,2332.4739,2416.3308,2896.6943,2284.6716040664087,2459.79485362935,2235.3118
2013-12-16 18:50:00+01:00,2197.7908,2332.4739,2403.4285,2232.9638885914683,2337.043607436331,2175.744
2013-12-16 19:00:00+01:00,2127.2327,2197.7908,2552.4993,2123.658556959263,2225.1713333773287,2078.9932
2013-12-16 19:10:00+01:00,2131.437,2127.2327,2454.9736,2021.3999160731119,2244.9640369323265,2000.3652
2013-12-16 19:20:00+01:00,1931.2819,2131.437,2421.0728,1960.8662659122472,2150.0361948710743,1955.7953
2013-12-16 19:30:00+01:00,1857.6206,1931.2819,2441.867,1829.6403019973898,1948.512541078468,1803.7422
2013-12-16 19:40:00+01:00,1720.8193,1857.6206,2372.473,1739.2793641898872,1909.7463960975151,1730.6476
2013-12-16 19:50:00+01:00,1719.8895,1720.8193,2110.3865,1599.3052011685963,1810.6372937914343,1605.0038
2013-12-16 20:00:00+01:00,1494.5803,1719.8895,2018.1278,1546.777755351608,1712.8904511879093,1562.8795
2013-12-16 20:10:00+01:00,1387.2498,1494.5803,1706.8801,1397.3783363355305,1536.0497163127604,1395.1731
2013-12-16 20:20:00+01:00,1310.2694,1387.2498,1786.9882,1294.3444328146516,1471.0367772943473,1301.8085
2013-12-16 20:30:00+01:00,1161.1025,1310.2694,1724.085,1182.2631112013894,1379.9417276154402,1215.6741
2013-12-16 20:40:00+01:00,1097.789,1161.1025,1363.3905,1069.17283218809,1215.644039284644,1094.3575
2013-12-16 20:50:00+01:00,1052.019,1097.789,1208.8505,993.042083972977,1132.5318791801124,1027.4614
2013-12-16 21:00:00+01:00,966.3625,1052.019,1070.4513,928.5592969822492,1031.4897972773822,973.2911
2013-12-16 21:10:00+01:00,789.50476,966.3625,1269.2037,868.1858358597594,1027.933073840983,902.1187
2013-12-16 21:20:00+01:00,889.26215,789.50476,911.9992,757.7072582103713,902.2425798165663,777.64777
2013-12-16 21:30:00+01:00,790.8689,889.26215,1163.345,759.107551252563,955.0857444426548,813.2023
2013-12-16 21:40:00+01:00,795.4714,790.8689,1251.9445,697.132975316192,891.6597590401192,741.41785
2013-12-16 21:50:00+01:00,769.1046,795.4714,749.9757,708.7208802466256,800.388399257482,732.1447
2013-12-16 22:00:00+01:00,695.05756,769.1046,1104.5602,679.9680445641616,827.5019426950377,706.29315
2013-12-16 22:10:00+01:00,614.00037,695.05756,735.9486,643.3138936904862,676.2130912731942,651.6929
2013-12-16 22:20:00+01:00,642.0887,614.00037,599.96045,584.9414522090674,538.5960987255929,589.05316
2013-12-16 22:30:00+01:00,682.7367,642.0887,510.0028,568.4108660678382,558.3977785706057,591.4128
2013-12-16 22:40:00+01:00,582.5713,682.7367,485.58017,578.6413763721182,541.0806718774929,608.96356
2013-12-16 22:50:00+01:00,860.38293,582.5713,519.7008,544.3900904774791,518.7445399926994,543.26044
2013-12-16 23:00:00+01:00,633.47144,860.38293,619.5765,674.1578340680469,609.2227736289236,707.9172
2013-12-16 23:10:00+01:00,543.3787,633.47144,667.183,594.8060991175162,580.8625287627966,577.0212
2013-12-16 23:20:00+01:00,597.4092,543.3787,492.0889,565.0481144190901,518.2332830615021,508.33105
2013-12-16 23:30:00+01:00,610.5447,597.4092,368.29172,520.8257620351355,492.81806641356116,527.91956
2013-12-16 23:40:00+01:00,333.73605,610.5447,338.84747,517.6929487244163,496.2686940882157,532.31396
2013-12-16 23:50:00+01:00,394.0917,333.73605,361.502,392.3275433699098,391.4390101338137,349.5365
2013-12-17 00:00:00+01:00,417.16583,394.0917,321.2462,367.6215995973355,397.8180039534603,364.78143
2013-12-17 00:10:00+01:00,311.1909,417.16583,283.5749,328.71826817198917,357.69653277661996,353.5835
2013-12-17 00:20:00+01:00,445.8625,311.1909,269.9622,294.5856792504319,311.41964642919623,305.22668
2013-12-17 00:30:00+01:00,342.1666,445.8625,234.3921,347.116042712315,377.50190939822613,394.2879
2013-12-17 00:40:00+01:00,318.08643,342.1666,297.93353,300.3210538560379,324.93769580796663,325.88452
2013-12-17 00:50:00+01:00,304.5793,318.08643,277.50192,299.45013402367795,314.9294788360896,303.3554
2013-12-17 01:00:00+01:00,302.76498,304.5793,226.25293,266.2196559144827,267.963327481219,287.2099
2013-12-17 01:10:00+01:00,232.73166,302.76498,282.77347,259.7156842131071,276.4768991863843,281.27112
2013-12-17 01:20:00+01:00,268.7748,232.73166,257.86285,223.6923358132624,245.20564733437178,229.63617
2013-12-17 01:30:00+01:00,226.48288,268.7748,213.09367,229.78666427589042,253.8063348942415,249.56895
2013-12-17 01:40:00+01:00,187.17807,226.48288,177.8685,202.7699434369256,230.90956085338905,218.27078
2013-12-17 01:50:00+01:00,223.17186,187.17807,255.63414,185.00989211531214,222.85036890381502,187.44151
2013-12-17 02:00:00+01:00,234.36075,223.17186,202.13348,187.76928687902364,225.06715606464545,209.26495
2013-12-17 02:10:00+01:00,216.70508,234.36075,169.40472,194.19757185348453,205.20013887076485,217.0538
2013-12-17 02:20:00+01:00,229.82294,216.70508,235.39459,197.75882251261964,214.89460682332614,204.8418
2013-12-17 02:30:00+01:00,209.51703,229.82294,197.1322,204.7648517553073,232.54634719373254,213.58853
2013-12-17 02:40:00+01:00,183.1384,209.51703,193.96277,194.31550320709925,204.13190662106535,198.45853
2013-12-17 02:50:00+01:00,202.82635,183.1384,215.84758,180.48782434748682,217.71179316731485,177.753
2013-12-17 03:00:00+01:00,204.51138,202.82635,197.70189,180.73332035302815,208.00141766376802,190.1929
2013-12-17 03:10:00+01:00,173.6049,204.51138,170.3648,179.9110020177743,195.92419273420685,191.10062
2013-12-17 03:20:00+01:00,195.62657,173.6049,224.65427,169.18833806453176,197.85527440949656,167.97612
2013-12-17 03:30:00+01:00,199.54,195.62657,206.9472,174.15030007276346,201.03219458770778,183.11694
2013-12-17 03:40:00+01:00,188.96452,199.54,177.65283,173.51632276584496,186.3145992909962,186.01074
2013-12-17 03:50:00+01:00,206.67401,188.96452,271.311,173.88808558631672,199.86602997028808,178.3783
2013-12-17 04:00:00+01:00,213.5412,206.67401,199.07243,181.40735484543802,196.65259091979402,191.64368
2013-12-17 04:10:00+01:00,164.3832,213.5412,185.74605,186.12562788418427,192.27682169495512,197.43652
2013-12-17 04:20:00+01:00,205.71875,164.3832,284.81296,166.77373034803645,210.9927770778064,160.63918
2013-12-17 04:30:00+01:00,189.8338,205.71875,205.68059,179.09589029458425,210.10440501810166,191.08173
2013-12-17 04:40:00+01:00,165.30069,189.8338,198.18828,168.71402496389533,182.70416243922168,179.54651
2013-12-17 04:50:00+01:00,211.25015,165.30069,238.00862,162.8396528762985,200.88504993174558,161.39772
2013-12-17 05:00:00+01:00,207.73288,211.25015,210.89241,177.8174864267969,203.38577503717113,196.52567
2013-12-17 05:10:00+01:00,186.83727,207.73288,191.1696,180.7048366726101,178.1515449335552,195.63834
2013-12-17 05:20:00+01:00,212.57007,186.83727,221.15599,180.70500303637618,204.4698928348919,181.73706
2013-12-17 05:30:00+01:00,199.12,212.57007,201.75531,189.4233398352667,207.72915730810857,202.68442
2013-12-17 05:40:00+01:00,189.68364,199.12,213.70207,184.2553319011813,191.62238606193694,194.37512
2013-12-17 05:50:00+01:00,206.41656,189.68364,246.19756,183.76724091348274,207.84308598576285,189.39178
2013-12-17 06:00:00+01:00,199.14429,206.41656,210.66183,188.57839288772357,201.06599371087304,204.25436
2013-12-17 06:10:00+01:00,175.57236,199.14429,209.51753,187.91347434348177,193.0737010208677,201.70412
2013-12-17 06:20:00+01:00,211.8952,175.57236,246.43175,180.26134900808484,208.6527436539648,187.20654
2013-12-17 06:30:00+01:00,229.97296,211.8952,191.04634,194.3733620347714,209.11954038026678,218.08698
2013-12-17 06:40:00+01:00,222.11827,229.97296,230.94543,208.5397349885202,209.73921068936627,236.59944
2013-12-17 06:50:00+01:00,266.95532,222.11827,265.63672,220.00326934562327,233.62150986140514,237.49104
2013-12-17 07:00:00+01:00,266.6577,266.95532,265.48935,249.0741735524134,270.999846988916,278.4254
2013-12-17 07:10:00+01:00,264.9794,266.6577,275.43655,261.0308343009758,261.32686232901654,286.38544
2013-12-17 07:20:00+01:00,299.75565,264.9794,355.42,275.5790018990742,302.1606272486976,294.74042
2013-12-17 07:30:00+01:00,341.219,299.75565,316.64328,298.6399821613636,302.107141213744,329.8544
2013-12-17 07:40:00+01:00,302.00635,341.219,334.18826,333.19000161543636,346.3568120472949,371.11847
2013-12-17 07:50:00+01:00,336.06754,302.00635,375.8591,337.40646501005494,346.13387082851216,355.54553
2013-12-17 08:00:00+01:00,375.1931,336.06754,447.01624,364.04917596416726,389.4653777862067,393.54767
2013-12-17 08:10:00+01:00,397.58102,375.1931,465.69833,390.86302837469634,441.80921958896226,433.34235
2013-12-17 08:20:00+01:00,489.18375,397.58102,571.7453,427.8202729760296,467.7385483837216,464.5855
2013-12-17 08:30:00+01:00,534.2422,489.18375,664.5268,498.1493379144465,551.8687514190123,547.69666
2013-12-17 08:40:00+01:00,660.0387,534.2422,741.24786,556.2263859169996,615.8974538005593,599.82367
2013-12-17 08:50:00+01:00,617.42114,660.0387,1250.8732,661.8808157278581,763.1447595178441,712.88306
2013-12-17 09:00:00+01:00,824.71655,617.42114,1034.0664,688.9699891532466,730.9580173906578,710.11084
2013-12-17 09:10:00+01:00,862.9117,824.71655,987.9584,826.2051446079895,885.0547847767166,879.697
2013-12-17 09:20:00+01:00,903.38446,862.9117,1067.1652,891.9713435436411,953.0702932655937,930.2463
2013-12-17 09:30:00+01:00,993.2106,903.38446,1182.1731,981.0168246928364,1073.639267629301,995.2642
2013-12-17 09:40:00+01:00,1057.9623,993.2106,1181.2798,1056.811311462209,1107.5936725714766,1083.637
2013-12-17 09:50:00+01:00,1036.0688,1057.9623,1314.2957,1130.8910311785048,1177.4060093647988,1150.9053
2013-12-17 10:00:00+01:00,1217.5115,1036.0688,1286.03,1167.115802791411,1209.232395924615,1165.4681
2013-12-17 10:10:00+01:00,1188.2633,1217.5115,1508.0198,1282.2343726892318,1278.2254706279475,1304.729
2013-12-17 10:20:00+01:00,1214.9235,1188.2633,1461.93,1313.246567969839,1352.5425152453724,1308.058
2013-12-17 10:30:00+01:00,1532.3738,1214.9235,1595.7958,1374.6358047559647,1385.1366186965745,1358.6162
2013-12-17 10:40:00+01:00,1466.2655,1532.3738,1769.1548,1546.1930805329425,1563.4317242742625,1571.3547
2013-12-17 10:50:00+01:00,1664.7877,1466.2655,1872.6934,1596.8671674244358,1642.4078952100301,1564.4199
2013-12-17 11:00:00+01:00,1818.2194,1664.7877,2127.702,1766.9710504171362,1686.9258241853454,1743.6229
2013-12-17 11:10:00+01:00,1694.5822,1818.2194,2029.3066,1880.7858010867376,1801.0845872216494,1863.1674
2013-12-17 11:20:00+01:00,1874.4421,1694.5822,2434.3887,1904.4876123012432,1862.0615524856369,1834.2412
2013-12-17 11:30:00+01:00,2035.2654,1874.4421,2413.4878,2011.9976518380345,1971.6342423637052,1974.3885
2013-12-17 11:40:00+01:00,2138.9644,2035.2654,2543.211,2108.6366237348147,2138.748562247948,2072.7305
2013-12-17 11:50:00+01:00,2250.6003,2138.9644,2489.2896,2240.5998811613554,2256.2550866244374,2177.3606
2013-12-17 12:00:00+01:00,2388.473,2250.6003,2868.7607,2358.522781020696,2274.853072906311,2297.2002
2013-12-17 12:10:00+01:00,2460.7341,2388.473,2853.1062,2476.536490500007,2376.109203595154,2414.704
2013-12-17 12:20:00+01:00,2415.1035,2460.7341,2651.8318,2566.8759957239627,2421.282355041441,2490.0076
2013-12-17 12:30:00+01:00,2763.068,2415.1035,2957.8167,2587.914214312776,2544.1270781870767,2500.1174
2013-12-17 12:40:00+01:00,2744.7373,2763.068,2898.6072,2766.7419431779426,2750.1418365792483,2718.8843
2013-12-17 12:50:00+01:00,2774.4429,2744.7373,2911.712,2814.100807408233,2839.3185606955635,2726.6384
2013-12-17 13:00:00+01:00,3062.4578,2774.4429,2930.4553,2897.722625481294,2980.862070871592,2811.3708
2013-12-17 13:10:00+01:00,3291.7275,3062.4578,3141.1104,3036.8117406763586,3134.8132368147194,2991.979
2013-12-17 13:20:00+01:00,3444.106,3291.7275,3368.4011,3210.5618038398648,3276.200046097623,3138.9705
2013-12-17 13:30:00+01:00,3373.3855,3444.106,3231.1433,3391.665864594317,3412.409327313354,3300.4253
2013-12-17 13:40:00+01:00,3342.427,3373.3855,3662.5671,3429.5961321114173,3427.98563541684,3330.971
2013-12-17 13:50:00+01:00,3505.4324,3342.427,4065.1885,3422.9199054107794,3465.2122390938794,3337.404
2013-12-17 14:00:00+01:00,3803.9375,3505.4324,3625.6885,3471.8409546835283,3525.202865856496,3403.5808
2013-12-17 14:10:00+01:00,3543.5134,3803.9375,3464.3513,3640.009218046644,3576.1441713338386,3573.7805
2013-12-17 14:20:00+01:00,3208.6392,3543.5134,3512.0166,3599.001118195115,3556.7522096120797,3477.2415
2013-12-17 14:30:00+01:00,3234.5732,3208.6392,3121.0408,3434.867851529785,3253.3779907123353,3342.1204
2013-12-17 14:40:00+01:00,3110.6792,3234.5732,3254.7627,3310.648904212804,3335.604158243688,3268.2856
2013-12-17 14:50:00+01:00,3139.6963,3110.6792,3103.1318,3170.8473228922794,3105.0832456610906,3095.504
2013-12-17 15:00:00+01:00,2945.2466,3139.6963,3059.993,3161.5076500362843,3163.717780640468,3109.044
2013-12-17 15:10:00+01:00,2766.0857,2945.2466,3195.9438,3038.167376338396,2972.5058685128015,2993.0178
2013-12-17 15:20:00+01:00,3100.932,2766.0857,3294.0352,2912.069897934666,2911.5067655428256,2865.687
2013-12-17 15:30:00+01:00,3517.678,3100.932,3016.1504,2999.427815596192,3104.3387944676147,2989.4077
2013-12-17 15:40:00+01:00,3524.895,3517.678,3410.0237,3240.9670074431306,3233.589703525346,3200.4878
2013-12-17 15:50:00+01:00,3358.1033,3524.895,3132.7173,3411.051117215684,3299.146805262517,3275.817
2013-12-17 16:00:00+01:00,3876.9597,3358.1033,3000.3345,3425.7263291942218,3209.930532441004,3283.341
2013-12-17 16:10:00+01:00,3759.038,3876.9597,2832.408,3656.72714717612,3217.905915240413,3591.1233
2013-12-17 16:20:00+01:00,3837.1492,3759.038,2797.6853,3668.7425988191185,3405.941949347004,3481.6711
2013-12-17 16:30:00+01:00,3774.914,3837.1492,2896.3176,3802.595551689042,3577.7108399346166,3611.1282
2013-12-17 16:40:00+01:00,3495.1526,3774.914,2963.0566,3758.6077674303065,3521.23496129913,3597.3743
2013-12-17 16:50:00+01:00,3764.5986,3495.1526,2810.552,3618.061814990093,3436.7540468178804,3421.6313
2013-12-17 17:00:00+01:00,3746.0464,3764.5986,3221.4006,3675.559367593973,3453.000852165098,3535.5208
2013-12-17 17:10:00+01:00,3641.88,3746.0464,3373.3518,3650.3956738300617,3521.354172663369,3461.2737
2013-12-17 17:20:00+01:00,3795.984,3641.88,3393.0784,3645.084714594679,3433.998106448647,3429.4417
2013-12-17 17:30:00+01:00,3566.9692,3795.984,2861.0376,3683.908703006159,3414.4989123390046,3530.2617
2013-12-17 17:40:00+01:00,3228.2769,3566.9692,2986.1794,3560.9523340957735,3388.8284978596107,3359.831
2013-12-17 17:50:00+01:00,3273.0974,3228.2769,2777.1235,3359.0151207334643,3055.489153744237,3159.968
2013-12-17 18:00:00+01:00,3197.3655,3273.0974,2905.256,3238.3563293399206,3125.7562963200376,3127.5457
2013-12-17 18:10:00+01:00,3225.8516,3197.3655,2720.4802,3110.7228601726556,3022.3411353234537,2984.5884
2013-12-17 18:20:00+01:00,2850.039,3225.8516,2817.2683,3097.7700231103618,3036.465334203327,2968.0242
2013-12-17 18:30:00+01:00,3065.798,2850.039,2693.633,2873.7083015576936,2774.58007133876,2735.9827
2013-12-17 18:40:00+01:00,2853.2896,3065.798,2602.6091,2888.315582940222,2883.8785503278264,2840.494
2013-12-17 18:50:00+01:00,2902.8008,2853.2896,2266.3394,2718.109312574188,2660.7166585180307,2636.9314
2013-12-17 19:00:00+01:00,2814.6863,2902.8008,2333.9846,2727.7054919466586,2715.7910340262647,2652.7764
2013-12-17 19:10:00+01:00,2951.324,2814.6863,2419.1216,2625.8384057506337,2664.643338901785,2569.8132
2013-12-17 19:20:00+01:00,2730.4817,2951.324,2262.9507,2671.179697899467,2702.1351570572965,2629.8289
2013-12-17 19:30:00+01:00,2447.7034,2730.4817,2255.9502,2553.4158424332554,2615.6239212180494,2473.2393
2013-12-17 19:40:00+01:00,2416.3674,2447.7034,2073.7168,2383.291695102544,2388.4218274950936,2310.5454
2013-12-17 19:50:00+01:00,2257.1748,2416.3674,2024.529,2248.0509642107863,2222.0821700302813,2248.6074
2013-12-17 20:00:00+01:00,2049.7354,2257.1748,1960.2728,2089.5257697615957,1982.1248022442296,2075.1487
2013-12-17 20:10:00+01:00,1769.0593,2049.7354,1765.1614,1940.205589000557,1888.1912730281945,1904.8063
2013-12-17 20:20:00+01:00,1671.0309,1769.0593,1788.7562,1716.7825801769238,1761.799703592421,1696.0983
2013-12-17 20:30:00+01:00,1472.355,1671.0309,1526.2216,1561.732858970233,1559.4577227479092,1580.9769
2013-12-17 20:40:00+01:00,1444.2585,1472.355,1562.6074,1379.3391277419123,1435.638121880363,1398.4249
2013-12-17 20:50:00+01:00,1219.8506,1444.2585,1344.0309,1305.8800490436533,1405.5664519576928,1335.2544
2013-12-17 21:00:00+01:00,1171.9624,1219.8506,1141.0891,1147.000353819156,1197.3245027494186,1161.7128
2013-12-17 21:10:00+01:00,1066.5072,1171.9624,1088.232,1076.3401164563695,1130.8874409431232,1104.2385
2013-12-17 21:20:00+01:00,1065.6753,1066.5072,1244.7518,968.9985220755094,1114.2015014448748,1007.37445
2013-12-17 21:30:00+01:00,1107.4401,1065.6753,1315.3728,943.2516040272772,1100.0685592440607,981.4749
2013-12-17 21:40:00+01:00,1170.1951,1107.4401,1154.6964,947.6372193977168,1073.7044430021783,986.4028
2013-12-17 21:50:00+01:00,881.85944,1170.1951,1005.14856,995.1686662480602,1025.3623503847796,1013.29517
2013-12-17 22:00:00+01:00,747.4791,881.85944,909.8451,878.2589381960152,874.6853649196946,832.6081
2013-12-17 22:10:00+01:00,636.772,747.4791,738.18787,769.3359532680786,758.319241985064,739.15485
2013-12-17 22:20:00+01:00,549.43256,636.772,658.33887,623.0657516558642,599.5158201934602,640.8953
2013-12-17 22:30:00+01:00,636.7148,549.43256,566.2239,528.020496910686,543.3347227380714,558.0424
2013-12-17 22:40:00+01:00,583.74817,636.7148,574.1559,530.8505878427522,563.7615593103163,590.53174
2013-12-17 22:50:00+01:00,538.8654,583.74817,467.2887,503.88410547615194,539.3828323151342,546.6697
2013-12-17 23:00:00+01:00,543.96155,538.8654,427.34433,490.9041370509715,519.1459467948131,511.61688
2013-12-17 23:10:00+01:00,439.51578,543.96155,353.80746,472.1130658099928,499.3265893968666,506.40186
2013-12-17 23:20:00+01:00,424.59024,439.51578,352.96277,409.81108017709084,444.01591998042375,431.80872
2013-12-17 23:30:00+01:00,452.19907,424.59024,362.00943,381.0994082715288,413.0662998848524,411.25006
2013-12-17 23:40:00+01:00,361.02264,452.19907,381.3825,367.57823707125794,451.73458215365014,419.45044
2013-12-17 23:50:00+01:00,371.86603,361.02264,364.4811,323.56499601770565,386.47639425219313,354.461
2013-12-18 00:00:00+01:00,434.7364,371.86603,295.88074,316.2986974775192,376.94648709400326,353.5
2013-12-18 00:10:00+01:00,406.53528,434.7364,257.1831,329.9414581400915,369.3434168413654,390.5056
2013-12-18 00:20:00+01:00,314.7144,406.53528,267.63986,332.313882775009,349.18296107145466,378.48566
2013-12-18 00:30:00+01:00,311.52432,314.7144,244.42473,295.7141321719607,307.1045441490662,317.19293
2013-12-18 00:40:00+01:00,268.64502,311.52432,224.0058,270.1427539900574,292.6748741847025,307.74005
2013-12-18 00:50:00+01:00,269.08862,268.64502,247.9059,228.91377978645778,258.4869063579828,271.3567
2013-12-18 01:00:00+01:00,303.09613,269.08862,236.07014,222.01978638563378,253.8063348942415,265.57654
2013-12-18 01:10:00+01:00,274.72974,303.09613,218.04059,232.3866640121205,259.7962767131636,285.5874
2013-12-18 01:20:00+01:00,234.28204,274.72974,221.78624,228.33672899760245,260.7507216749801,265.26312
2013-12-18 01:30:00+01:00,258.46707,234.28204,205.38934,212.7937883351358,240.5250758706304,234.94148
2013-12-18 01:40:00+01:00,235.9508,258.46707,203.17488,213.04491690067448,253.16000853032506,248.41087
2013-12-18 01:50:00+01:00,214.01556,235.9508,189.07672,200.30298826906255,234.56240599581173,230.78825
2013-12-18 02:00:00+01:00,244.06613,214.01556,221.3508,192.64437945900704,229.15734394476632,213.26329
2013-12-18 02:10:00+01:00,221.39583,244.06613,186.01382,200.39966148519534,234.56240599581173,232.72766
2013-12-18 02:20:00+01:00,390.53134,221.39583,187.60724,192.17364444517443,213.62451865790337,215.97119
2013-12-18 02:30:00+01:00,385.1137,390.53134,203.60866,281.62888081035226,321.12615072651874,339.4253
2013-12-18 02:40:00+01:00,443.73373,385.1137,188.0696,310.5375580928014,324.6002856190916,342.27182
2013-12-18 02:50:00+01:00,424.52182,443.73373,201.89745,378.9170339327775,360.2866162486579,390.23877
2013-12-18 03:00:00+01:00,514.8599,424.52182,239.15576,380.8866870902366,347.84799768939615,379.6615
2013-12-18 03:10:00+01:00,243.27391,514.8599,197.30264,436.4576639164952,409.4243119572987,448.18512
2013-12-18 03:20:00+01:00,216.10474,243.27391,184.57481,313.6086490149396,280.18126156902775,248.35497
2013-12-18 03:30:00+01:00,226.1257,216.10474,221.67671,263.45936907808095,241.35123096849662,220.31773
2013-12-18 03:40:00+01:00,232.07373,226.1257,200.7755,200.3020952378797,230.2632344894726,219.0174
2013-12-18 03:50:00+01:00,208.05132,232.07373,218.4641,199.1271772748712,219.29342260240523,220.84732
2013-12-18 04:00:00+01:00,225.40233,208.05132,209.15076,190.49565051692707,221.64148419364108,202.62971
2013-12-18 04:10:00+01:00,227.49486,225.40233,183.07993,195.64941364531,230.2632344894726,215.69745
2013-12-18 04:20:00+01:00,215.54005,227.49486,204.42249,194.9863006738276,218.19994443469025,217.74426
2013-12-18 04:30:00+01:00,227.6982,215.54005,207.92746,193.62211506423841,222.2214609883077,209.47534
2013-12-18 04:40:00+01:00,220.47952,227.6982,193.8678,198.1288410892696,235.49071904726773,219.3739
2013-12-18 04:50:00+01:00,219.93323,220.47952,222.28223,194.7868805332921,217.215216875355,214.77118
2013-12-18 05:00:00+01:00,234.73874,219.93323,204.66638,196.4143211316682,230.73198336013877,215.47295
2013-12-18 05:10:00+01:00,256.21884,234.73874,187.1968,202.88949220210998,220.22173565386123,228.12589
2013-12-18 05:20:00+01:00,246.57613,256.21884,198.10167,217.6378620701853,231.06826355195113,246.76286
2013-12-18 05:30:00+01:00,248.08905,246.57613,217.32478,221.68341726642825,242.93249402747588,242.33054
2013-12-18 05:40:00+01:00,257.0533,248.08905,213.37643,226.50880619682312,242.93249402747588,246.33273
2013-12-18 05:50:00+01:00,243.37932,257.0533,254.15324,230.47141610490644,249.41830443479535,255.85132
2013-12-18 06:00:00+01:00,263.1779,243.37932,195.80128,227.30584425722873,235.49071904726773,248.53033
2013-12-18 06:10:00+01:00,227.68663,263.1779,178.29602,238.3012944059965,252.32120587006867,267.15747
2013-12-18 06:20:00+01:00,237.63649,227.68663,227.62848,223.42969235524015,242.30550887297883,243.90137
2013-12-18 06:30:00+01:00,320.8879,237.63649,202.4876,228.00941859116506,246.98365370993764,255.56725
2013-12-18 06:40:00+01:00,246.09839,320.8879,191.68062,267.0189102064296,295.26614242770063,323.39075
2013-12-18 06:50:00+01:00,260.01495,246.09839,222.91463,252.33867997499965,268.2149126403732,274.24756
2013-12-18 07:00:00+01:00,350.64963,260.01495,252.93443,266.7522652108644,282.07535981939253,293.07336
2013-12-18 07:10:00+01:00,396.91443,350.64963,232.61906,302.99110088288967,329.6575625338012,367.0103
2013-12-18 07:20:00+01:00,404.74667,396.91443,298.38364,353.9864597557573,388.3917464782641,412.06824
2013-12-18 07:30:00+01:00,444.64056,404.74667,293.59518,394.52587382184447,395.35118049611435,433.02747
2013-12-18 07:40:00+01:00,383.8241,444.64056,312.7747,433.7507811736846,414.48934270733156,477.38025
2013-12-18 07:50:00+01:00,396.3336,383.8241,326.56757,420.6067657287865,423.08294052888607,445.97675
2013-12-18 08:00:00+01:00,413.65237,396.3336,424.139,431.5335388757476,446.4324809004723,467.33252
2013-12-18 08:10:00+01:00,642.7808,413.65237,400.12933,437.90442685069047,432.7594489705208,488.30273
2013-12-18 08:20:00+01:00,541.2099,642.7808,495.19464,570.1877674497903,599.0341766786312,665.94446
2013-12-18 08:30:00+01:00,618.90344,541.2099,575.2,581.2722779719807,624.3785072475196,614.4976
2013-12-18 08:40:00+01:00,646.4804,618.90344,783.3865,662.8791036368066,670.3699455761243,700.0942
2013-12-18 08:50:00+01:00,736.52924,646.4804,1040.6681,681.3136119972919,736.0024211610644,734.36584
2013-12-18 09:00:00+01:00,844.3093,736.52924,1161.4548,762.5665815838215,911.4875836115917,815.54126
2013-12-18 09:10:00+01:00,899.5496,844.3093,1010.1386,854.8372469853898,928.2500614276624,911.7839
2013-12-18 09:20:00+01:00,958.5369,899.5496,1017.5529,938.9186050824189,1037.6440280637555,978.5665
2013-12-18 09:30:00+01:00,1156.951,958.5369,1044.2306,1018.1594203987656,1064.472094834111,1049.9932
2013-12-18 09:40:00+01:00,1070.9885,1156.951,1252.3245,1156.9160112029206,1197.4591022790207,1208.8746
2013-12-18 09:50:00+01:00,1130.0845,1070.9885,1264.1052,1181.8714412038821,1173.9254598652528,1183.1252
2013-12-18 10:00:00+01:00,1296.178,1130.0845,1474.8528,1252.4917306933369,1280.6556519603241,1257.8231
2013-12-18 10:10:00+01:00,1440.553,1296.178,1447.6917,1342.3355283571889,1391.9896578936716,1375.2977
2013-12-18 10:20:00+01:00,1529.7799,1440.553,1499.5226,1476.8435097280303,1569.8935359619213,1490.892
2013-12-18 10:30:00+01:00,1691.0552,1529.7799,1890.1306,1603.0904182908348,1669.8070689623305,1593.9838
2013-12-18 10:40:00+01:00,1911.0961,1691.0552,1830.4741,1748.746926037358,1709.3496454054653,1741.4001
2013-12-18 10:50:00+01:00,1785.5616,1911.0961,2089.8484,1926.0393184901918,1933.3788200283557,1915.5745
2013-12-18 11:00:00+01:00,2071.8499,1785.5616,2179.2983,1956.391547508752,1962.7075064279356,1887.0709
2013-12-18 11:10:00+01:00,2104.384,2071.8499,2114.0537,2135.2250664682097,2212.4560448211787,2105.5007
2013-12-18 11:20:00+01:00,2088.5828,2104.384,2316.6033,2191.6128175730714,2242.535034250428,2135.125
2013-12-18 11:30:00+01:00,2219.114,2088.5828,2502.1758,2263.54956295037,2283.1373713960525,2175.5337
2013-12-18 11:40:00+01:00,2249.7117,2219.114,2515.2104,2339.6760777529253,2312.1781352868734,2279.2322
2013-12-18 11:50:00+01:00,2448.1501,2249.7117,2682.872,2383.323833935668,2344.2271959826535,2303.6675
2013-12-18 12:00:00+01:00,2599.8909,2448.1501,2870.2239,2522.98560991693,2412.697920552176,2448.335
2013-12-18 12:10:00+01:00,2445.932,2599.8909,3092.911,2649.6096936071312,2588.7688132735343,2569.6216
2013-12-18 12:20:00+01:00,2537.695,2445.932,2706.6936,2648.3259532277907,2588.3182040850875,2529.2402
2013-12-18 12:30:00+01:00,2588.7942,2537.695,2981.6877,2694.6496962357087,2724.732455727127,2609.6848
2013-12-18 12:40:00+01:00,2524.9182,2588.7942,3137.8833,2700.061508562723,2782.7193865014556,2614.478
2013-12-18 12:50:00+01:00,2801.2405,2524.9182,3144.6323,2693.5446458501783,2801.5866553075184,2589.4204
2013-12-18 13:00:00+01:00,2847.3315,2801.2405,3117.8345,2824.3658701557606,2965.653942643759,2770.464
2013-12-18 13:10:00+01:00,3144.238,2847.3315,3257.9248,2882.4471462384167,3057.2134788990334,2806.4675
2013-12-18 13:20:00+01:00,3527.2244,3144.238,3512.2788,3096.3715992589914,3318.3155851431343,3031.2017
2013-12-18 13:30:00+01:00,3725.421,3527.2244,3528.6335,3353.0396279682536,3482.811206996088,3296.328
2013-12-18 13:40:00+01:00,3822.5183,3725.421,3814.967,3591.4837392531626,3609.616284193129,3485.6755
2013-12-18 13:50:00+01:00,3866.7158,3822.5183,4178.7954,3759.5032857612955,3873.537269448439,3638.0667
2013-12-18 14:00:00+01:00,3877.3699,3866.7158,3768.3445,3837.1742869537043,3805.962488295367,3716.222
2013-12-18 14:10:00+01:00,3581.2974,3877.3699,3810.7358,3864.0370103392734,3826.759157913798,3732.832
2013-12-18 14:20:00+01:00,3756.3367,3581.2974,3865.6614,3717.127579840651,3563.1528297371724,3560.5933
2013-12-18 14:30:00+01:00,3436.1636,3756.3367,3861.7864,3737.770959754203,3593.1188105961614,3653.1377
2013-12-18 14:40:00+01:00,3591.0415,3436.1636,3706.247,3537.4815881683603,3513.581045313236,3411.4905
2013-12-18 14:50:00+01:00,3316.7224,3591.0415,3293.3005,3583.4711411034223,3530.790108686263,3504.7043
2013-12-18 15:00:00+01:00,3167.509,3316.7224,4132.0605,3399.6324118787425,3474.5242318790265,3299.6328
2013-12-18 15:10:00+01:00,3138.919,3167.509,3649.1724,3299.5788153408903,3225.26978216976,3203.786
2013-12-18 15:20:00+01:00,3047.273,3138.919,3822.5464,3189.6426876851174,3203.8270821431183,3124.901
2013-12-18 15:30:00+01:00,3150.5264,3047.273,3880.5193,3103.1231967279073,3252.131053195726,3017.2227
2013-12-18 15:40:00+01:00,2938.9463,3150.5264,3408.5032,3130.741443556836,3275.9179878579685,3059.229
2013-12-18 15:50:00+01:00,3039.379,2938.9463,3525.719,3025.934836225551,3075.781199646888,2924.9648
2013-12-18 16:00:00+01:00,3118.2083,3039.379,3255.4585,3057.937848233054,3122.9934640869888,2980.3677
2013-12-18 16:10:00+01:00,3213.4922,3118.2083,3275.6462,3072.030170504985,3103.250736172413,2985.9436
2013-12-18 16:20:00+01:00,3012.9036,3213.4922,3332.91,3161.001120543239,3208.9996464219234,3041.8088
2013-12-18 16:30:00+01:00,2953.8875,3012.9036,3342.6802,3097.4232607286876,3116.933049173876,2947.9321
2013-12-18 16:40:00+01:00,2920.7847,2953.8875,3253.6792,3045.5355672809874,3087.1200849624165,2923.8154
2013-12-18 16:50:00+01:00,2932.362,2920.7847,3496.8813,2966.658880881412,3072.1663199737586,2854.4678
2013-12-18 17:00:00+01:00,3075.2095,2932.362,3577.3232,2946.295195828986,3047.9523610349033,2822.026
2013-12-18 17:10:00+01:00,3023.2144,3075.2095,3480.6045,3005.4685450974475,3152.670282313796,2890.7637
2013-12-18 17:20:00+01:00,2955.8096,3023.2144,3174.1284,3001.381642461457,3028.430857222387,2861.1929
2013-12-18 17:30:00+01:00,2909.414,2955.8096,3291.368,2976.1969752501027,2951.3963517840684,2838.779
2013-12-18 17:40:00+01:00,2701.2969,2909.414,3078.2402,2911.245806217931,2946.7782706199027,2797.003
2013-12-18 17:50:00+01:00,2824.2446,2701.2969,2965.4531,2763.095122847124,2849.869864131415,2643.2341
2013-12-18 18:00:00+01:00,2610.1592,2824.2446,3164.623,2751.6545649518894,2839.9560122926814,2680.7039
2013-12-18 18:10:00+01:00,2438.9463,2610.1592,3204.4146,2600.5242538020702,2649.7653607698453,2510.2114
2013-12-18 18:20:00+01:00,2638.442,2438.9463,2884.511,2475.330494040006,2611.128975633265,2403.5576
2013-12-18 18:30:00+01:00,2572.8606,2638.442,3250.848,2469.0218665532343,2608.8574476621193,2473.3533
2013-12-18 18:40:00+01:00,2564.8267,2572.8606,3205.897,2416.4088135141956,2524.72458722058,2382.811
2013-12-18 18:50:00+01:00,2356.0193,2564.8267,2673.7334,2423.0279221053024,2472.370246428711,2383.0286
2013-12-18 19:00:00+01:00,2361.8774,2356.0193,3022.7278,2280.1863066308197,2409.696567149526,2256.2305
2013-12-18 19:10:00+01:00,2249.49,2361.8774,3384.5896,2218.6886917394995,2403.3739595453385,2238.1516
2013-12-18 19:20:00+01:00,2056.9507,2249.49,2868.2,2098.324431574913,2370.7448432129963,2121.2605
2013-12-18 19:30:00+01:00,2078.2659,2056.9507,2660.86,1964.1896355591389,2121.025804679334,1977.9502
2013-12-18 19:40:00+01:00,2282.8704,2078.2659,2573.2563,1896.945916281873,2028.8915399452533,1955.9708
2013-12-18 19:50:00+01:00,2069.832,2282.8704,2610.7625,1951.9341246927681,1975.9378473547458,2027.7405
2013-12-18 20:00:00+01:00,1856.3398,2069.832,2081.9492,1885.887630812381,1904.2952653383138,1878.8246
2013-12-18 20:10:00+01:00,1593.6848,1856.3398,1811.2607,1776.5533725372434,1753.5921049655524,1767.7781
2013-12-18 20:20:00+01:00,1380.7185,1593.6848,1820.3606,1548.715342668116,1634.7371758110266,1583.7723
2013-12-18 20:30:00+01:00,1368.4242,1380.7185,1549.0148,1337.9417748772216,1375.0151510780065,1396.7607
2013-12-18 20:40:00+01:00,1136.7921,1368.4242,1559.9246,1230.045774828044,1369.3803400263523,1322.8944
2013-12-18 20:50:00+01:00,1057.0448,1136.7921,1649.7778,1066.3772291357309,1234.3400353876907,1134.2615
2013-12-18 21:00:00+01:00,952.5083,1057.0448,1342.1211,980.9255498296936,1107.9860474562217,1056.1022
2013-12-18 21:10:00+01:00,885.5504,952.5083,1336.4008,865.3181848609998,1070.253183985164,957.20886
2013-12-18 21:20:00+01:00,945.30396,885.5504,1533.3967,798.9466680451515,1000.3183557682906,887.20233
2013-12-18 21:30:00+01:00,955.2644,945.30396,1394.562,799.0898005477658,1014.0563209109404,898.789
2013-12-18 21:40:00+01:00,908.50287,955.2644,965.4535,809.0892607132571,940.0718994068361,888.38727
2013-12-18 21:50:00+01:00,948.1962,908.50287,1036.4664,808.4787593124361,900.3802160198056,852.0812
2013-12-18 22:00:00+01:00,824.9544,948.1962,932.7498,827.5208898244261,904.4692340302071,868.6632
2013-12-18 22:10:00+01:00,795.2902,824.9544,854.469,768.2470682161502,758.2827680993421,783.20966
2013-12-18 22:20:00+01:00,611.88983,795.2902,1072.956,740.9650072625795,765.6836726252776,754.1495
2013-12-18 22:30:00+01:00,578.9331,611.88983,745.3289,616.986697324588,608.9570905314406,623.192
2013-12-18 22:40:00+01:00,579.75836,578.9331,629.25336,557.413525515565,532.9526362769964,582.6699
2013-12-18 22:50:00+01:00,505.07068,579.75836,651.8451,510.39446580528784,528.5978565053672,562.8442
2013-12-18 23:00:00+01:00,457.73096,505.07068,747.0757,466.09160910377864,540.6368330791597,502.2411
2013-12-18 23:10:00+01:00,554.7294,457.73096,446.0727,426.9391497846864,497.837917778492,460.80347
2013-12-18 23:20:00+01:00,463.84952,554.7294,580.1695,448.92515469443424,498.43668336599427,512.3317
2013-12-18 23:30:00+01:00,405.31708,463.84952,431.27576,412.19994515106873,497.837917778492,448.9062
2013-12-18 23:40:00+01:00,362.23328,405.31708,395.45093,385.48507530699976,410.00840457620154,404.9958
2013-12-18 23:50:00+01:00,315.83978,362.23328,413.5433,330.3366136414402,386.2491661481534,366.77496
2013-12-19 00:00:00+01:00,274.1597,315.83978,328.79373,284.48925033085925,363.7315182287779,325.93787
2013-12-19 00:10:00+01:00,267.61264,274.1597,297.7912,244.27270663576223,273.4394097026017,314.49597
2013-12-19 00:20:00+01:00,269.4348,267.61264,303.2861,222.5407798078586,263.008543617549,285.2459
2013-12-19 00:30:00+01:00,251.59937,269.4348,293.02725,214.0105011369592,263.008543617549,277.90057
2013-12-19 00:40:00+01:00,241.11076,251.59937,448.93402,205.8307673973834,282.89208616550235,262.98456
2013-12-19 00:50:00+01:00,217.61388,241.11076,297.6626,199.5819073923908,245.55216827148166,252.79703
2013-12-19 01:00:00+01:00,203.93837,217.61388,288.05978,184.11786047855276,237.67091564993171,233.42224
2013-12-19 01:10:00+01:00,204.19022,203.93837,235.02211,172.8401699089818,225.93278622317018,219.87843
2013-12-19 01:20:00+01:00,169.83192,204.19022,296.48312,167.8497213738451,219.17737453492907,216.47147
2013-12-19 01:30:00+01:00,162.9695,169.83192,327.79688,150.5578904724432,219.41299162626936,189.84662
2013-12-19 01:40:00+01:00,188.53651,162.9695,300.73004,143.04992042127492,209.8830844680794,180.89096
2013-12-19 01:50:00+01:00,145.82474,188.53651,282.35355,149.64194364537957,195.37504234844178,196.32184
2013-12-19 02:00:00+01:00,147.1228,145.82474,395.53616,134.54638922227923,191.20457803197695,165.37961
2013-12-19 02:10:00+01:00,160.85327,147.1228,213.57558,134.52420238903642,185.05298039001642,162.93723
2013-12-19 02:20:00+01:00,167.06288,160.85327,240.4999,134.01417669550574,167.04642424854237,170.89381
2013-12-19 02:30:00+01:00,144.11838,167.06288,222.01195,142.06833742634012,160.78632375002127,175.03908
2013-12-19 02:40:00+01:00,168.72066,144.11838,247.29657,136.2611896810006,167.9168635764154,157.83914
2013-12-19 02:50:00+01:00,163.0736,168.72066,244.79602,146.33562998173124,166.70402264914327,174.11852
2013-12-19 03:00:00+01:00,140.6902,163.0736,220.46004,144.08704809260416,156.2748988746427,169.999
2013-12-19 03:10:00+01:00,169.9931,140.6902,239.7758,137.67464993614726,169.3596646579956,152.70187
2013-12-19 03:20:00+01:00,146.30841,169.9931,230.21942,146.7778048127691,167.04642424854237,172.86731
2013-12-19 03:30:00+01:00,139.73344,146.30841,223.01836,135.9364990073409,154.84114904654922,155.42474
2013-12-19 03:40:00+01:00,157.53612,139.73344,235.0269,134.42614562068252,175.6197651565167,149.36229
2013-12-19 03:50:00+01:00,149.2089,157.53612,233.71687,136.6674579567948,160.78632375002127,161.75642
2013-12-19 04:00:00+01:00,137.03987,149.2089,213.24582,134.77037764014995,154.84114904654922,155.7577
2013-12-19 04:10:00+01:00,161.42363,137.03987,229.92975,131.10043249137243,166.46554861748464,146.30992
2013-12-19 04:20:00+01:00,149.15988,161.42363,241.87694,139.2280238498206,161.32656416852475,164.32535
2013-12-19 04:30:00+01:00,137.69418,149.15988,403.52075,135.71231603010938,173.01314089294831,155.83812
2013-12-19 04:40:00+01:00,167.33061,137.69418,221.83167,133.41223220712322,162.0470113872801,147.30627
2013-12-19 04:50:00+01:00,163.06259,167.33061,279.66064,143.79974415723632,171.1414587235032,169.94516
2013-12-19 05:00:00+01:00,148.12737,163.06259,278.86288,145.96886488526343,165.14418570226107,168.30325
2013-12-19 05:10:00+01:00,192.28413,148.12737,226.44154,145.16810417483566,167.9647102864021,158.22052
2013-12-19 05:20:00+01:00,164.71341,192.28413,228.36319,164.38679158460036,164.95295400912715,192.94313
2013-12-19 05:30:00+01:00,144.27452,164.71341,339.11786,157.38082619304782,180.67136588169316,174.53268
2013-12-19 05:40:00+01:00,199.8322,144.27452,267.23602,152.62217313146084,180.92755192745744,160.46378
2013-12-19 05:50:00+01:00,156.3342,199.8322,237.33757,171.54535759400756,174.61968280370598,203.97014
2013-12-19 06:00:00+01:00,143.32224,156.3342,239.74742,158.12797336261542,153.168061542643,174.27548
2013-12-19 06:10:00+01:00,201.51146,143.32224,229.47183,157.03236569064075,184.44021557017473,166.82367
2013-12-19 06:20:00+01:00,182.49237,201.51146,251.98468,175.9566376715802,166.90068960184098,213.17152
2013-12-19 06:30:00+01:00,133.89032,182.49237,225.16646,178.13552200724303,160.0229535276979,203.89038
2013-12-19 06:40:00+01:00,189.73953,133.89032,298.33817,165.87758580694754,212.310100118012,172.01677
2013-12-19 06:50:00+01:00,187.93494,189.73953,274.0801,183.0568553691685,195.8086127425781,217.21248
2013-12-19 07:00:00+01:00,209.46092,187.93494,275.13666,186.78025701981483,182.84874523007693,221.35498
2013-12-19 07:10:00+01:00,197.42627,209.46092,301.25775,214.83704358715386,230.5610825534601,245.6209
2013-12-19 07:20:00+01:00,212.6369,197.42627,353.84933,218.21320880798658,230.7706253480941,244.79652
2013-12-19 07:30:00+01:00,216.06082,212.6369,410.37674,234.4083295816572,242.83277857592557,264.4281
2013-12-19 07:40:00+01:00,261.43173,216.06082,356.06284,243.38851167499251,240.6083038067023,275.59546
2013-12-19 07:50:00+01:00,296.271,261.43173,390.37228,278.16161123466236,280.4113607540316,319.45343
2013-12-19 08:00:00+01:00,342.76184,296.271,449.0865,314.4700789558294,320.86363161434167,357.83417
2013-12-19 08:10:00+01:00,346.69257,342.76184,606.31415,364.84636894063283,388.6580510352325,407.66827
2013-12-19 08:20:00+01:00,422.2298,346.69257,519.13696,394.3887584453237,441.28295635351947,427.73224
2013-12-19 08:30:00+01:00,488.4608,422.2298,543.12506,454.5914856465895,480.0811596413377,499.43958
2013-12-19 08:40:00+01:00,604.7331,488.4608,737.9161,515.9745754316364,598.3463172337707,565.3357
2013-12-19 08:50:00+01:00,607.37067,604.7331,878.59174,617.7728157898657,660.3667920200679,671.86066
2013-12-19 09:00:00+01:00,717.09607,607.37067,940.35,670.8650574457424,727.1978185577829,702.0167
2013-12-19 09:10:00+01:00,744.41266,717.09607,985.9355,766.2051678060262,848.3595005967379,806.10846
2013-12-19 09:20:00+01:00,885.86914,744.41266,1171.7847,816.5262327610244,960.3712704530517,848.87103
2013-12-19 09:30:00+01:00,956.97504,885.86914,1372.5875,932.2108243919745,1049.1795260392353,972.611
2013-12-19 09:40:00+01:00,974.42224,956.97504,1200.8807,1017.4897474623401,1107.5936725714766,1049.805
2013-12-19 09:50:00+01:00,1099.8969,974.42224,1378.6603,1087.0921565255676,1161.2926938534863,1097.2765
2013-12-19 10:00:00+01:00,1223.0265,1099.8969,1436.4906,1183.9266700119367,1241.6481836915823,1206.6031
2013-12-19 10:10:00+01:00,1343.774,1223.0265,1531.6101,1289.8550715158472,1311.1898371835202,1311.257
2013-12-19 10:20:00+01:00,1372.3713,1343.774,1810.7272,1418.6977619974907,1547.6071451311263,1427.587
2013-12-19 10:30:00+01:00,1541.0254,1372.3713,1808.5104,1499.4471590450066,1643.1190762710708,1488.7689
2013-12-19 10:40:00+01:00,1538.6102,1541.0254,2152.236,1630.7225039979535,1754.2038618997146,1627.9913
2013-12-19 10:50:00+01:00,1767.8145,1538.6102,2463.3962,1682.9810798870928,1761.043601126731,1655.7476
2013-12-19 11:00:00+01:00,1720.5001,1767.8145,2421.6685,1848.0177040040069,1865.1874684801132,1832.6394
2013-12-19 11:10:00+01:00,1655.2976,1720.5001,2478.2622,1881.4250517598543,1966.202143881243,1837.0221
2013-12-19 11:20:00+01:00,1764.8962,1655.2976,2504.7065,1899.7170375481974,1811.7408735748127,1837.21
2013-12-19 11:30:00+01:00,1819.6342,1764.8962,2712.7893,1937.9494280507517,1893.440749306239,1897.706
2013-12-19 11:40:00+01:00,2052.6956,1819.6342,2844.1467,1979.67711369653,2000.9280964265788,1929.0077
2013-12-19 11:50:00+01:00,2101.9968,2052.6956,2794.5776,2138.8844798504165,2212.617102892973,2101.292
2013-12-19 12:00:00+01:00,2135.1353,2101.9968,2787.7522,2228.2596622087876,2310.388580077823,2176.2478
2013-12-19 12:10:00+01:00,2269.4614,2135.1353,3066.8423,2310.031634129794,2339.872765050712,2246.2422
2013-12-19 12:20:00+01:00,2298.473,2269.4614,3377.994,2395.62053391201,2390.6852540215077,2341.6526
2013-12-19 12:30:00+01:00,2442.7434,2298.473,2602.6938,2443.656395487611,2400.6372330398626,2376.3694
2013-12-19 12:40:00+01:00,2534.7808,2442.7434,2806.2305,2549.4623039946764,2503.4040793646204,2495.0579
2013-12-19 12:50:00+01:00,2562.879,2534.7808,3819.3223,2627.214949865106,2645.546521197503,2575.9556
2013-12-19 13:00:00+01:00,2649.3838,2562.879,3434.3308,2686.602733419768,2790.693440099152,2627.7432
2013-12-19 13:10:00+01:00,3079.7336,2649.3838,3432.6245,2748.828368995255,2872.7639128981764,2700.6265
2013-12-19 13:20:00+01:00,2879.3525,3079.7336,3517.0327,2981.8553873642104,3115.8910789417882,2961.664
2013-12-19 13:30:00+01:00,3051.9824,2879.3525,3574.949,2980.3935190350976,3094.3845226417184,2899.8765
2013-12-19 13:40:00+01:00,3203.688,3051.9824,3910.5603,3113.7925300156276,3238.9140590192574,3076.7407
2013-12-19 13:50:00+01:00,3184.9202,3203.688,3948.373,3169.969377562892,3267.0296116073796,3139.4883
2013-12-19 14:00:00+01:00,3255.8198,3184.9202,4082.5532,3221.4272097753255,3317.108986108636,3152.7207
2013-12-19 14:10:00+01:00,3134.402,3255.8198,3696.0503,3278.192260136407,3254.525823485374,3239.793
2013-12-19 14:20:00+01:00,3258.1519,3134.402,3813.781,3218.0602894981057,3153.078006657978,3171.5156
2013-12-19 14:30:00+01:00,3144.569,3258.1519,3699.967,3263.4292781305653,3244.298983231774,3228.679
2013-12-19 14:40:00+01:00,3201.7524,3144.569,3733.689,3197.2727266023567,3154.379037238473,3145.9858
2013-12-19 14:50:00+01:00,2828.0125,3201.7524,3412.6033,3225.539437532595,3185.865838125926,3190.3599
2013-12-19 15:00:00+01:00,3105.1987,2828.0125,3413.8137,3018.342197834496,2956.4261033875846,2958.9844
2013-12-19 15:10:00+01:00,2825.0269,3105.1987,3381.8215,3091.011666291256,3090.9890432485054,3076.6426
2013-12-19 15:20:00+01:00,2680.8604,2825.0269,3300.126,2920.593882935862,3000.8047452687006,2862.2737
2013-12-19 15:30:00+01:00,2901.1643,2680.8604,3139.632,2852.636536039397,2903.5905323217703,2799.8535
2013-12-19 15:40:00+01:00,2752.3262,2901.1643,3457.9045,2870.6971015629024,2972.1829309204313,2866.687
2013-12-19 15:50:00+01:00,2739.1606,2752.3262,3377.4521,2810.320054795079,2857.135953446547,2748.2683
2013-12-19 16:00:00+01:00,2807.927,2739.1606,3643.7153,2824.967915217287,2855.311050088639,2766.054
2013-12-19 16:10:00+01:00,2584.6472,2807.927,3441.738,2824.5356307409456,2821.143589660704,2781.6348
2013-12-19 16:20:00+01:00,2495.2998,2584.6472,3307.128,2723.8949018900403,2699.755811740588,2636.2349
2013-12-19 16:30:00+01:00,2745.7068,2495.2998,3196.4346,2647.342479766971,2684.4644028876287,2573.8652
2013-12-19 16:40:00+01:00,2450.8027,2745.7068,3302.3684,2702.454095097773,2844.3411545696285,2664.2017
2013-12-19 16:50:00+01:00,2718.5146,2450.8027,3299.5476,2581.738054966885,2700.114674552597,2481.0288
2013-12-19 17:00:00+01:00,2651.8245,2718.5146,3301.9983,2707.271418559443,2787.344383011739,2649.5708
2013-12-19 17:10:00+01:00,2449.5356,2651.8245,3395.2283,2654.0460381538824,2772.885195768092,2579.6064
2013-12-19 17:20:00+01:00,2364.177,2449.5356,3318.2097,2588.6558308580306,2576.595116501954,2479.049
2013-12-19 17:30:00+01:00,2622.1045,2364.177,3377.822,2474.5767626095885,2500.1544888119206,2408.8013
2013-12-19 17:40:00+01:00,2355.841,2622.1045,3321.28,2525.537442820094,2513.209876121133,2497.569
2013-12-19 17:50:00+01:00,2382.0017,2355.841,3116.2612,2407.945274871927,2491.987580647534,2326.0588
2013-12-19 18:00:00+01:00,2420.4246,2382.0017,3282.0725,2405.282288048232,2506.656364956579,2358.2732
2013-12-19 18:10:00+01:00,2299.2363,2420.4246,2920.6167,2348.401512053471,2445.1532058469265,2337.5576
2013-12-19 18:20:00+01:00,2240.3677,2299.2363,2913.5627,2279.528963753054,2377.515162796968,2244.2354
2013-12-19 18:30:00+01:00,2492.787,2240.3677,3102.237,2210.982726551384,2304.977153613485,2198.8308
2013-12-19 18:40:00+01:00,2202.0068,2492.787,2826.3704,2276.6588080068823,2315.772997211096,2310.7039
2013-12-19 18:50:00+01:00,2133.3738,2202.0068,2730.2244,2147.5963981583463,2224.1669942040467,2124.7556
2013-12-19 19:00:00+01:00,2326.3213,2133.3738,2674.4556,2089.4462252685344,2234.3344566966884,2095.5405
2013-12-19 19:10:00+01:00,1970.2568,2326.3213,2740.416,2087.282119437502,2170.382770733973,2156.8079
2013-12-19 19:20:00+01:00,1808.8307,1970.2568,2972.837,1915.144191721496,2093.477729754364,1917.22
2013-12-19 19:30:00+01:00,1778.7732,1808.8307,2737.4092,1788.5471241752537,1912.0554659616894,1818.5916
2013-12-19 19:40:00+01:00,1635.7878,1778.7732,2659.5364,1645.8187622402393,1877.2741807136383,1737.1074
2013-12-19 19:50:00+01:00,1787.2637,1635.7878,2739.4631,1521.0640669582854,1728.8598040268198,1598.0282
2013-12-19 20:00:00+01:00,1440.8885,1787.2637,2150.385,1554.7526985325517,1727.8600283043852,1652.5652
2013-12-19 20:10:00+01:00,1445.5645,1440.8885,2196.9468,1374.9410331898855,1623.0931460368915,1423.5822
2013-12-19 20:20:00+01:00,1165.559,1445.5645,1875.779,1338.4857190798805,1503.3124637394392,1407.5192
2013-12-19 20:30:00+01:00,983.61755,1165.559,1743.6797,1119.5235574355193,1263.2403916967244,1195.7999
2013-12-19 20:40:00+01:00,1067.5725,983.61755,1541.8088,973.0916350861164,1119.6127872047277,1048.2186
2013-12-19 20:50:00+01:00,1064.6183,1067.5725,1433.248,918.234728624224,1098.1089594671266,1049.787
2013-12-19 21:00:00+01:00,953.12775,1064.6183,1469.7458,899.1814717333717,1059.1204609918734,1019.6214
2013-12-19 21:10:00+01:00,991.1119,953.12775,1341.0449,868.8706217806491,1047.8174782659719,941.7979
2013-12-19 21:20:00+01:00,837.1152,991.1119,1242.4148,871.9229916869901,1004.9776569378488,949.53467
2013-12-19 21:30:00+01:00,743.8279,837.1152,1241.819,784.3004427027854,920.0856626005681,841.24725
2013-12-19 21:40:00+01:00,719.13165,743.8279,1087.6321,721.1497401193541,847.5967062319892,766.3833
2013-12-19 21:50:00+01:00,640.9126,719.13165,1074.012,660.8455299401901,776.7433601986655,727.55414
2013-12-19 22:00:00+01:00,713.2597,640.9126,960.92346,601.076323357268,700.6011112141715,661.0924
2013-12-19 22:10:00+01:00,645.8009,713.2597,754.51935,621.1969327146526,698.1044568408539,689.6729
2013-12-19 22:20:00+01:00,572.8274,645.8009,762.422,588.8720733462327,626.7880281159014,640.1078
2013-12-19 22:30:00+01:00,602.1083,572.8274,659.23285,557.9257496410592,520.452888344833,585.303
2013-12-19 22:40:00+01:00,612.77606,602.1083,555.58264,544.4922994975578,514.731377486909,589.997
2013-12-19 22:50:00+01:00,511.6284,612.77606,580.9802,541.011529339791,513.8785032898732,588.4201
2013-12-19 23:00:00+01:00,441.11316,511.6284,525.5371,499.73000587609965,500.110733838329,518.7991
2013-12-19 23:10:00+01:00,420.6894,441.11316,554.5878,445.5633574844302,459.42070807046633,461.67804
2013-12-19 23:20:00+01:00,422.76392,420.6894,662.1505,397.1176898839984,427.6182137778591,434.14044
2013-12-19 23:30:00+01:00,424.8138,422.76392,521.49164,377.46944741488585,427.6182137778591,424.98224
2013-12-19 23:40:00+01:00,384.16812,424.8138,450.0864,374.0531394165703,427.6182137778591,419.99323
2013-12-19 23:50:00+01:00,292.0899,384.16812,445.55487,354.31858543199223,427.6182137778591,388.80487
2013-12-20 00:00:00+01:00,320.85486,292.0899,420.5939,299.80643800016196,360.82825015198733,320.83804
2013-12-20 00:10:00+01:00,295.0888,320.85486,370.5355,286.2590318637185,302.52794917742324,359.20673
2013-12-20 00:20:00+01:00,295.93073,295.0888,346.07657,259.14799187427934,286.69544336271616,308.25595
2013-12-20 00:30:00+01:00,256.09354,295.93073,369.61816,262.3113738741074,282.01487189897495,298.7945
2013-12-20 00:40:00+01:00,206.02028,256.09354,290.36423,238.3865567926457,259.2388491099692,269.42737
2013-12-20 00:50:00+01:00,217.92496,206.02028,292.4083,207.2506749414033,241.96013056236882,230.2104
2013-12-20 01:00:00+01:00,242.26108,217.92496,280.55597,196.35715503266124,237.02458928601527,231.36621
2013-12-20 01:10:00+01:00,174.30728,242.26108,241.0024,202.71977377645862,215.42690305788528,246.45824
2013-12-20 01:20:00+01:00,178.3625,174.30728,269.88397,179.34623698566406,212.97244028115287,199.62708
2013-12-20 01:30:00+01:00,175.14632,178.3625,254.359,175.9271960843314,219.72785196939404,194.65552
2013-12-20 01:40:00+01:00,152.33878,175.14632,235.02428,162.693676856328,186.80521558835702,190.05194
2013-12-20 01:50:00+01:00,180.40874,152.33878,238.7946,154.4045568421575,187.8564443342785,171.66632
2013-12-20 02:00:00+01:00,171.04825,180.40874,260.45856,165.8522990593617,188.23120308143913,187.91864
2013-12-20 02:10:00+01:00,161.85028,171.04825,241.55756,164.2330132992206,166.40009788462592,181.89662
2013-12-20 02:20:00+01:00,185.78027,161.85028,262.961,166.16742654975837,178.2919791060207,173.45691
2013-12-20 02:30:00+01:00,189.96631,185.78027,260.4235,175.9435964500417,176.0698034200444,188.67848
2013-12-20 02:40:00+01:00,159.52864,189.96631,208.14044,182.36446484273029,162.46506437689416,192.39679
2013-12-20 02:50:00+01:00,174.6532,159.52864,232.44423,174.36148026397996,178.2919791060207,169.75334
2013-12-20 03:00:00+01:00,173.67648,174.6532,220.63474,177.30922602709006,178.8074681024071,177.56738
2013-12-20 03:10:00+01:00,210.40674,173.67648,254.21375,173.47761648182814,160.65548638249123,176.60402
2013-12-20 03:20:00+01:00,215.73897,210.40674,223.34766,195.6513361595869,187.25791476260056,203.04169
2013-12-20 03:30:00+01:00,178.25208,215.73897,223.53362,206.0217457959718,188.9313697249822,209.09314
2013-12-20 03:40:00+01:00,188.90144,178.25208,191.43712,196.6859763539444,187.25167826799836,181.52646
2013-12-20 03:50:00+01:00,167.10315,188.90144,226.85071,195.48527777803474,195.32135676092238,186.43109
2013-12-20 04:00:00+01:00,169.19829,167.10315,209.46457,178.16127894176475,180.91906484057185,169.62164
2013-12-20 04:10:00+01:00,178.6727,169.19829,200.24272,177.2528944551418,188.43731996533623,169.29222
2013-12-20 04:20:00+01:00,154.45125,178.6727,222.69894,177.74628954342552,184.54753363773054,175.88358
2013-12-20 04:30:00+01:00,164.45602,154.45125,212.72746,168.32756794716056,176.64923804637152,157.92172
2013-12-20 04:40:00+01:00,150.4502,164.45602,182.27426,170.97291761479414,182.3134161535295,164.03363
2013-12-20 04:50:00+01:00,157.78348,150.4502,209.2992,161.03021927934424,168.38934434214622,153.62692
2013-12-20 05:00:00+01:00,150.87732,157.78348,215.79265,164.83842544886397,174.88791887232594,158.65903
2013-12-20 05:10:00+01:00,154.2366,150.87732,211.6208,160.52156394574286,168.38934434214622,153.98686
2013-12-20 05:20:00+01:00,181.19868,154.2366,203.00552,163.43819575731163,161.98156065442137,156.84587
2013-12-20 05:30:00+01:00,191.88644,181.19868,217.58527,177.33051773324928,162.49704965080778,178.39474
2013-12-20 05:40:00+01:00,183.43315,191.88644,196.06317,190.45392347538655,164.3066276452107,189.47147
2013-12-20 05:50:00+01:00,154.46097,183.43315,220.27838,196.05095191973942,174.38893087220256,185.82477
2013-12-20 06:00:00+01:00,191.37866,154.46097,216.27834,183.68169722586208,173.87344187581616,165.31046
2013-12-20 06:10:00+01:00,142.15965,191.37866,204.51746,196.22775486689966,176.1985088666055,193.4902
2013-12-20 06:20:00+01:00,163.77124,142.15965,245.32408,174.5896879332147,171.00858000475108,159.75865
2013-12-20 06:30:00+01:00,186.41087,163.77124,243.25479,186.22819183455954,189.61079665309316,176.83522
2013-12-20 06:40:00+01:00,174.1565,186.41087,224.07481,193.92346158568694,169.8414605612201,197.17987
2013-12-20 06:50:00+01:00,208.78217,174.1565,266.96326,200.94876260697765,178.86495435682053,193.47528
2013-12-20 07:00:00+01:00,232.60472,208.78217,333.38898,225.18189591035366,225.8174915576914,224.05728
2013-12-20 07:10:00+01:00,239.04327,232.60472,288.27515,246.41083097226306,218.7561758908439,248.86209
2013-12-20 07:20:00+01:00,270.35873,239.04327,327.97897,268.01458989352204,249.65061650959544,262.2099
2013-12-20 07:30:00+01:00,315.4997,270.35873,359.44922,296.79096524607985,291.06136316967434,293.733
2013-12-20 07:40:00+01:00,319.71826,315.4997,346.8698,334.55263582885595,319.5995466124279,337.1952
2013-12-20 07:50:00+01:00,377.85233,319.71826,362.10416,360.96384471651527,345.87020805723506,353.2821
2013-12-20 08:00:00+01:00,352.55075,377.85233,430.1952,410.0056066906802,417.98634993752825,408.30365
2013-12-20 08:10:00+01:00,383.3799,352.55075,509.56058,419.4405281251336,425.6132556010987,405.05823
2013-12-20 08:20:00+01:00,457.79138,383.3799,490.62924,452.8496429587302,467.7385483837216,440.742
2013-12-20 08:30:00+01:00,519.1235,457.79138,675.9156,501.6283040064136,545.4565948495234,508.00598
2013-12-20 08:40:00+01:00,592.0156,519.1235,661.75146,566.4762684286079,555.2844086504314,572.9241
2013-12-20 08:50:00+01:00,682.51196,592.0156,809.6392,644.9976083153878,680.4765867222677,650.3108
2013-12-20 09:00:00+01:00,815.2566,682.51196,807.56067,732.3416968362841,730.2942247620227,741.6718
2013-12-20 09:10:00+01:00,893.1666,815.2566,788.6156,847.8647485982666,867.0553840340507,865.422
2013-12-20 09:20:00+01:00,951.8006,893.1666,953.0805,948.8761706362296,993.4937530884279,957.91986
2013-12-20 09:30:00+01:00,889.6657,951.8006,1068.55,1038.536278564824,1064.9152989642323,1038.2524
2013-12-20 09:40:00+01:00,1044.0208,889.6657,1104.9961,1050.4864664451607,1048.3699174724184,1030.5303
2013-12-20 09:50:00+01:00,1141.5233,1044.0208,1353.6152,1142.3395538332948,1145.146840162954,1149.1759
2013-12-20 10:00:00+01:00,1331.022,1141.5233,1626.3647,1223.1725883251077,1261.2284865334113,1235.6145
2013-12-20 10:10:00+01:00,1221.182,1331.022,1478.5724,1388.325978187874,1391.046583409767,1402.4906
2013-12-20 10:20:00+01:00,1363.3949,1221.182,1741.1815,1407.8562421354557,1454.5341002680723,1383.412
2013-12-20 10:30:00+01:00,1549.3873,1363.3949,1726.1102,1512.8698649365745,1587.8047471239963,1498.4436
2013-12-20 10:40:00+01:00,1544.8607,1549.3873,1817.2911,1623.8005373666024,1664.5285979032722,1624.3574
2013-12-20 10:50:00+01:00,1697.7924,1544.8607,2025.3309,1704.7648561832943,1751.390665162829,1675.5366
2013-12-20 11:00:00+01:00,1738.7125,1697.7924,2278.399,1834.6823123024942,1768.7835635328304,1813.8794
2013-12-20 11:10:00+01:00,1758.3699,1738.7125,2206.2346,1896.23608808798,1808.6687964903056,1863.258
2013-12-20 11:20:00+01:00,1717.3818,1758.3699,2354.2551,1958.549872341683,1853.7598219078864,1910.6154
2013-12-20 11:30:00+01:00,2046.7505,1717.3818,2681.503,1958.630761921842,1833.0138024297048,1904.9601
2013-12-20 11:40:00+01:00,1989.8289,2046.7505,2659.694,2127.3107284699413,2062.3817368715945,2101.5405
2013-12-20 11:50:00+01:00,2381.0547,1989.8289,2660.227,2162.756446293096,2125.2685187753736,2113.4983
2013-12-20 12:00:00+01:00,2271.2346,2381.0547,2823.089,2427.480349800275,2345.67285058163,2404.2249
2013-12-20 12:10:00+01:00,2400.4788,2271.2346,2598.102,2442.0948866860454,2383.552917633483,2387.0786
2013-12-20 12:20:00+01:00,2226.8408,2400.4788,2539.9656,2573.6399253376517,2481.3792391357647,2519.091
2013-12-20 12:30:00+01:00,2358.4517,2226.8408,2899.1409,2485.009851258338,2459.370633274036,2418.8064
2013-12-20 12:40:00+01:00,2492.564,2358.4517,2910.5457,2540.530386697709,2519.511867789249,2489.63
2013-12-20 12:50:00+01:00,2654.9883,2492.564,2911.8408,2590.2957833927794,2556.4083668033627,2561.178
2013-12-20 13:00:00+01:00,2834.7441,2654.9883,3157.7441,2723.6763395874746,2843.5672883720304,2703.3982
2013-12-20 13:10:00+01:00,2796.3367,2834.7441,3533.6423,2871.100921607168,2990.544658995098,2859.668
2013-12-20 13:20:00+01:00,3057.3894,2796.3367,3574.6272,2917.114032158447,2975.4168725688196,2886.6782
2013-12-20 13:30:00+01:00,3188.3403,3057.3894,3611.0508,3072.1746310994035,3164.7491566969934,3060.116
2013-12-20 13:40:00+01:00,3221.681,3188.3403,3886.835,3173.7734351774297,3257.284325688831,3159.6958
2013-12-20 13:50:00+01:00,3524.6064,3221.681,3509.259,3267.3201588051465,3303.2381937675245,3252.854
2013-12-20 14:00:00+01:00,3223.6047,3524.6064,3665.6328,3447.2438961204853,3445.8992313322738,3459.484
2013-12-20 14:10:00+01:00,3420.8806,3223.6047,3187.1187,3356.051520774254,3203.431693806228,3319.1587
2013-12-20 14:20:00+01:00,3430.3384,3420.8806,3205.107,3453.060321137657,3291.107241097435,3452.3538
2013-12-20 14:30:00+01:00,3298.1099,3430.3384,3643.245,3422.049804375366,3242.7501815264245,3413.0808
2013-12-20 14:40:00+01:00,3026.8647,3298.1099,3397.0647,3395.659371439103,3174.7667123138654,3372.6755
2013-12-20 14:50:00+01:00,3372.5327,3026.8647,3560.4822,3227.252710053329,3058.36119208385,3213.8127
2013-12-20 15:00:00+01:00,3101.176,3372.5327,3651.3508,3311.1062719775023,3209.302682311014,3318.4329
2013-12-20 15:10:00+01:00,3045.3306,3101.176,3520.2073,3181.743002070074,3127.8522227701296,3147.0693
2013-12-20 15:20:00+01:00,3055.932,3045.3306,3536.8518,3174.9350990819976,3198.7731408086447,3162.485
2013-12-20 15:30:00+01:00,2986.7651,3055.932,3414.3955,3106.4222563370085,3130.739088459628,3097.709
2013-12-20 15:40:00+01:00,3136.2236,2986.7651,3397.7976,3061.9684861901414,3076.169429619466,3021.3542
2013-12-20 15:50:00+01:00,3131.0835,3136.2236,3335.6074,3127.349703162803,3035.631860334633,3105.0105
2013-12-20 16:00:00+01:00,3260.1055,3131.0835,3723.9604,3142.2602650278614,3008.3379013206386,3103.8528
2013-12-20 16:10:00+01:00,3274.4448,3260.1055,3445.1367,3242.637963888266,3272.753831634229,3192.0005
2013-12-20 16:20:00+01:00,3278.2551,3274.4448,3692.674,3276.9044461225067,3208.6738091830903,3206.881
2013-12-20 16:30:00+01:00,3278.9111,3278.2551,3429.7202,3311.426428173094,3274.751371377257,3226.1738
2013-12-20 16:40:00+01:00,3529.7249,3278.9111,3257.7412,3314.228731327713,3257.5574552595435,3224.9805
2013-12-20 16:50:00+01:00,3394.1943,3529.7249,3349.9668,3438.833199855696,3361.1967538027493,3355.8167
2013-12-20 17:00:00+01:00,3234.207,3394.1943,3302.5813,3417.4722959344413,3324.109240936261,3295.633
2013-12-20 17:10:00+01:00,3389.9429,3234.207,3253.2637,3357.545671771494,3266.4983395813406,3238.365
2013-12-20 17:20:00+01:00,3076.8206,3389.9429,3346.2314,3361.119161373552,3214.191071402946,3271.011
2013-12-20 17:30:00+01:00,3169.0256,3076.8206,3257.973,3185.525297895273,3069.8435540576215,3050.5034
2013-12-20 17:40:00+01:00,3152.8132,3169.0256,3364.5837,3186.861814421851,3080.044543701728,3094.3535
2013-12-20 17:50:00+01:00,2945.257,3152.8132,3351.3506,3108.633666407969,3090.9688631976696,3026.2754
2013-12-20 18:00:00+01:00,2751.2407,2945.257,3374.0256,3002.035456763342,2923.5836326664853,2894.249
2013-12-20 18:10:00+01:00,2526.0862,2751.2407,3460.4814,2835.6282947885293,2732.864313698363,2753.7205
2013-12-20 18:20:00+01:00,2513.12,2526.0862,3415.7856,2611.3075328269806,2551.5191498019485,2546.7742
2013-12-20 18:30:00+01:00,2452.489,2513.12,2978.5203,2490.606318253117,2529.3202606818704,2455.6108
2013-12-20 18:40:00+01:00,2226.295,2452.489,2735.3948,2383.355292498877,2402.9276115199696,2361.5493
2013-12-20 18:50:00+01:00,2231.8542,2226.295,2953.7502,2231.6011731059384,2288.9114994059237,2200.6274
2013-12-20 19:00:00+01:00,2045.1724,2231.8542,2757.5642,2152.583384981819,2257.957973953907,2152.0789
2013-12-20 19:10:00+01:00,1932.1818,2045.1724,2460.0093,1988.4865377766928,2081.0343294189047,1987.5018
2013-12-20 19:20:00+01:00,1809.0939,1932.1818,2472.6199,1876.5849091488312,2082.872351095146,1881.7983
2013-12-20 19:30:00+01:00,1682.2748,1809.0939,2404.7068,1733.2248943209297,1874.508599232472,1758.3627
2013-12-20 19:40:00+01:00,1658.5394,1682.2748,2244.4382,1605.4077452857027,1740.7079232842243,1636.5142
2013-12-20 19:50:00+01:00,1627.1318,1658.5394,2188.0862,1529.4693015548798,1661.8441175402095,1576.7925
2013-12-20 20:00:00+01:00,1571.7871,1627.1318,2114.7998,1473.289523413358,1597.0256222327434,1522.1815
2013-12-20 20:10:00+01:00,1417.9408,1571.7871,1742.1189,1429.813787177311,1528.4096116013461,1465.7007
2013-12-20 20:20:00+01:00,1296.3013,1417.9408,1801.3876,1332.1995649386972,1430.8909840647045,1353.2238
2013-12-20 20:30:00+01:00,1142.2091,1296.3013,1483.8124,1226.9963776872173,1318.5448817311903,1251.1854
2013-12-20 20:40:00+01:00,1166.7402,1142.2091,1590.0328,1091.5071148464758,1219.0776335598896,1124.145
2013-12-20 20:50:00+01:00,1058.7,1166.7402,1298.7938,1048.780651754959,1164.6453442912664,1103.0914
2013-12-20 21:00:00+01:00,881.5584,1058.7,1373.5688,970.3130631398516,1096.3211516989304,1018.2844
2013-12-20 21:10:00+01:00,897.3151,881.5584,1172.5624,870.8758855079693,980.2042754105381,894.0408
2013-12-20 21:20:00+01:00,777.0237,897.3151,1073.6272,824.605934395775,922.9767967173482,873.4343
2013-12-20 21:30:00+01:00,764.11475,777.0237,931.9487,734.2203738628162,865.6564300735114,784.34656
2013-12-20 21:40:00+01:00,716.72864,764.11475,917.6876,713.7260111305804,808.6528694013252,757.2853
2013-12-20 21:50:00+01:00,641.44116,716.72864,922.94495,666.5473726365483,737.4657641931045,715.0301
2013-12-20 22:00:00+01:00,796.38336,641.44116,964.3769,621.9160453915059,670.0276181889726,656.34937
2013-12-20 22:10:00+01:00,612.7666,796.38336,1052.2079,679.2267106290492,728.0181040898611,735.8753
2013-12-20 22:20:00+01:00,640.7963,612.7666,920.1377,606.0502911577266,619.7131859964184,628.1828
2013-12-20 22:30:00+01:00,594.87897,640.7963,617.1153,620.7599305612118,551.099536396413,626.57196
2013-12-20 22:40:00+01:00,603.3621,594.87897,664.4315,563.7093972711411,516.9448345595456,590.16223
2013-12-20 22:50:00+01:00,514.1577,603.3621,520.13605,566.4567828243083,515.9189795901337,584.97766
2013-12-20 23:00:00+01:00,460.33047,514.1577,524.8612,513.4040597287039,501.2983359415538,522.5315
2013-12-20 23:10:00+01:00,372.44223,460.33047,471.0637,469.6420953571878,499.0255198817168,474.18823
2013-12-20 23:20:00+01:00,336.6107,372.44223,458.5327,393.2077403702365,405.04657745303564,405.0905
2013-12-20 23:30:00+01:00,280.37225,336.6107,475.22482,343.916334656705,396.73561593057275,366.16016
2013-12-20 23:40:00+01:00,322.41583,280.37225,440.8353,287.3940979561029,347.68036351230285,318.74487
2013-12-20 23:50:00+01:00,283.0952,322.41583,438.21674,288.4970649033353,358.96332573131644,334.66132
2013-12-21 00:00:00+01:00,408.79404,283.0952,469.77365,264.65708378818545,341.50260500626604,307.58575
2013-12-21 00:10:00+01:00,251.38527,408.79404,463.02982,330.2943960302498,365.57387668397416,507.88232
2013-12-21 00:20:00+01:00,240.89424,251.38527,417.47668,268.9602048186217,287.23992834211055,313.21597
2013-12-21 00:30:00+01:00,218.96947,240.89424,359.4334,260.8859846971518,263.87323834308427,255.12424
2013-12-21 00:40:00+01:00,215.77422,218.96947,294.45673,213.29680520147735,236.3855199318623,235.72617
2013-12-21 00:50:00+01:00,185.72182,215.77422,273.7512,207.01014895826097,237.03184629577873,231.64978
2013-12-21 01:00:00+01:00,219.38432,185.72182,258.82526,188.77863960366085,204.46612558575094,211.48975
2013-12-21 01:10:00+01:00,211.29134,219.38432,248.11182,201.7432433274878,212.60296483329037,229.34721
2013-12-21 01:20:00+01:00,178.29422,211.29134,248.4733,200.94249115500747,200.52573990372926,225.59328
2013-12-21 01:30:00+01:00,155.89795,178.29422,239.37024,193.4281452114784,201.88958443952177,198.99928
2013-12-21 01:40:00+01:00,151.62741,155.89795,223.14027,176.36959083548425,201.37409544313536,177.28294
2013-12-21 01:50:00+01:00,149.15114,151.62741,242.65773,164.83628278307333,180.54142732077864,169.32156
2013-12-21 02:00:00+01:00,150.27457,149.15114,253.78804,160.2226658466185,172.78425204394605,164.65384
2013-12-21 02:10:00+01:00,152.6425,150.27457,227.30003,161.67182509303132,172.78425204394605,163.07979
2013-12-21 02:20:00+01:00,146.2899,152.6425,238.5205,164.5721635024429,164.57114540590194,163.08353
2013-12-21 02:30:00+01:00,124.0086,146.2899,238.1412,163.7748632821265,158.31104490738085,157.06003
2013-12-21 02:40:00+01:00,140.75584,124.0086,218.9627,152.9901726063273,158.31104490738085,138.61081
2013-12-21 02:50:00+01:00,125.731995,140.75584,231.41113,156.27879921217914,158.31104490738085,146.93095
2013-12-21 03:00:00+01:00,123.58931,125.731995,249.9198,147.72048210108028,152.94674583496652,136.09949
2013-12-21 03:10:00+01:00,146.92789,123.58931,234.6626,147.72487342781847,153.59307219888296,131.63503
2013-12-21 03:20:00+01:00,124.38357,146.92789,303.93988,155.8524570949977,162.10664390404835,147.43388
2013-12-21 03:30:00+01:00,133.63643,124.38357,211.41296,148.9288770079852,152.94674583496652,131.78055
2013-12-21 03:40:00+01:00,151.0685,133.63643,209.56808,154.2453328713534,158.31104490738085,135.58624
2013-12-21 03:50:00+01:00,124.377426,151.0685,229.40646,159.83178902797636,152.94674583496652,148.46597
2013-12-21 04:00:00+01:00,127.7924,124.377426,213.69743,152.1282449852945,152.94674583496652,129.19525
2013-12-21 04:10:00+01:00,139.45918,127.7924,207.87544,152.33677876699358,158.31104490738085,128.7092
2013-12-21 04:20:00+01:00,113.931465,139.45918,224.07925,153.01119534874374,153.07525881801027,136.94557
2013-12-21 04:30:00+01:00,122.52346,113.931465,218.72543,143.61308945218593,153.07525881801027,118.03152
2013-12-21 04:40:00+01:00,140.0016,122.52346,193.48674,145.68843182581907,153.40573187212652,121.94459
2013-12-21 04:50:00+01:00,114.012665,140.0016,203.56996,151.01751197772444,153.40573187212652,135.36842
2013-12-21 05:00:00+01:00,134.51648,114.012665,195.64775,144.16194593730802,153.40573187212652,116.92187
2013-12-21 05:10:00+01:00,143.63506,134.51648,206.10976,153.87435824454735,153.40573187212652,130.50624
2013-12-21 05:20:00+01:00,108.21252,143.63506,216.92221,157.73097990312385,153.40573187212652,139.03049
2013-12-21 05:30:00+01:00,125.43553,108.21252,208.68942,147.44412654656094,149.94317941767383,113.28342
2013-12-21 05:40:00+01:00,124.96249,125.43553,195.5362,151.97873769265982,149.94317941767383,124.12573
2013-12-21 05:50:00+01:00,126.73487,124.96249,221.3447,148.5574188061646,149.94317941767383,125.341156
2013-12-21 06:00:00+01:00,122.21121,126.73487,199.60873,154.8638913360777,149.94317941767383,127.7395
2013-12-21 06:10:00+01:00,121.18922,122.21121,210.74669,154.63358587237508,149.94317941767383,125.628235
2013-12-21 06:20:00+01:00,108.15403,121.18922,226.14592,155.67449661035675,151.60443756938352,125.94158
2013-12-21 06:30:00+01:00,142.08627,108.15403,216.16435,150.28487107937735,156.28258240634233,117.523285
2013-12-21 06:40:00+01:00,152.99304,142.08627,217.61943,167.40369266557582,159.7587564849984,144.22966
2013-12-21 06:50:00+01:00,118.656975,152.99304,227.46523,180.48325754365067,164.50226404293372,157.43527
2013-12-21 07:00:00+01:00,147.33125,118.656975,220.13812,177.15718231922074,171.24112876747242,135.84575
2013-12-21 07:10:00+01:00,190.5125,147.33125,205.23607,191.557893174931,181.82535585607133,158.1694
2013-12-21 07:20:00+01:00,157.04753,190.5125,292.15186,216.84592587539305,191.73813876393857,195.90085
2013-12-21 07:30:00+01:00,164.99596,157.04753,264.3942,221.5591319957573,186.89677308922597,179.19421
2013-12-21 07:40:00+01:00,186.3249,164.99596,288.72623,235.1913473361094,207.30222601578612,188.26562
2013-12-21 07:50:00+01:00,186.68721,186.3249,295.54507,247.44420908297673,204.9653447338895,209.0195
2013-12-21 08:00:00+01:00,205.55937,186.68721,355.2448,262.1658449378393,225.15591781809877,216.952
2013-12-21 08:10:00+01:00,196.1886,205.55937,284.71747,285.65994288579236,253.87284698972786,238.01762
2013-12-21 08:20:00+01:00,191.43243,196.1886,296.65512,294.61767723312823,262.91983779398777,239.76999
2013-12-21 08:30:00+01:00,309.6655,191.43243,353.6026,304.88118171751705,299.35721043238516,243.74385
2013-12-21 08:40:00+01:00,279.31418,309.6655,318.8532,372.54577276499083,346.3117048262708,337.81982
2013-12-21 08:50:00+01:00,268.88684,279.31418,431.90756,392.4270335048666,351.6459154191649,336.00122
2013-12-21 09:00:00+01:00,373.0303,268.88684,396.97684,419.88059813598227,392.69946141671505,342.26877
2013-12-21 09:10:00+01:00,390.93958,373.0303,556.0502,475.80770521707655,466.80155987807655,426.50092
2013-12-21 09:20:00+01:00,502.5741,390.93958,566.3763,517.0773150452402,499.47038179766764,461.83057
2013-12-21 09:30:00+01:00,582.16016,502.5741,647.74585,614.2804686839488,588.3804661246719,564.3348
2013-12-21 09:40:00+01:00,601.16113,582.16016,691.9778,695.3058769267695,680.8984542090202,650.9166
2013-12-21 09:50:00+01:00,754.68195,601.16113,858.07056,760.5142722539586,717.8326868101103,701.11743
2013-12-21 10:00:00+01:00,991.0584,754.68195,1071.5851,873.7306193332442,913.9191952448126,839.1988
2013-12-21 10:10:00+01:00,1191.5289,991.0584,1279.6774,1043.1991496120747,1096.321954344433,1046.3953
2013-12-21 10:20:00+01:00,1183.1973,1191.5289,1478.1903,1242.632137204693,1341.1660839718177,1256.6133
2013-12-21 10:30:00+01:00,1464.5922,1183.1973,1766.5225,1347.40016285705,1426.6715209020854,1341.7432
2013-12-21 10:40:00+01:00,1627.2997,1464.5922,1882.1127,1546.2541920810354,1620.3778920177206,1589.3872
2013-12-21 10:50:00+01:00,1823.7963,1627.2997,2168.7866,1697.3197465868013,1780.9827609524405,1768.5671
2013-12-21 11:00:00+01:00,1806.946,1823.7963,2617.1465,1906.380296544091,1902.5073985983386,1992.5182
2013-12-21 11:10:00+01:00,2013.1069,1806.946,2771.8003,1986.2065024102824,2019.8236305049454,2064.4998
2013-12-21 11:20:00+01:00,2429.8337,2013.1069,2971.8318,2140.7797217562547,2192.7487466615426,2227.788
2013-12-21 11:30:00+01:00,2454.5312,2429.8337,3282.4175,2398.683615268117,2439.5390950767446,2511.3237
2013-12-21 11:40:00+01:00,2610.0925,2454.5312,3447.4753,2552.1811893140316,2529.109999813948,2645.3237
2013-12-21 11:50:00+01:00,3039.9407,2610.0925,3810.5212,2736.3248625390793,2782.7640790866967,2823.5251
2013-12-21 12:00:00+01:00,3289.7625,3039.9407,3909.267,2995.178075408716,2993.453065867226,3085.8677
2013-12-21 12:10:00+01:00,3277.9907,3289.7625,3590.7566,3248.9444987467486,3299.310880970159,3343.5557
2013-12-21 12:20:00+01:00,3280.9685,3277.9907,3674.9485,3393.55869188908,3337.4148448075293,3493.47
2013-12-21 12:30:00+01:00,3712.048,3280.9685,3723.3813,3447.356122896749,3369.778747759702,3526.8738
2013-12-21 12:40:00+01:00,3323.208,3712.048,3996.819,3659.2767901366424,3590.488465093222,3741.543
2013-12-21 12:50:00+01:00,3579.2656,3323.208,4184.377,3547.645786471972,3487.7345087028552,3624.8804
2013-12-21 13:00:00+01:00,3672.2627,3579.2656,3868.3684,3687.121023059436,3616.9505683710527,3807.9963
2013-12-21 13:10:00+01:00,3719.9592,3672.2627,3845.8645,3689.892240355725,3674.4221698291763,3783.1494
2013-12-21 13:20:00+01:00,3381.267,3719.9592,3849.2195,3782.69849255456,3732.285444609681,3895.3606
2013-12-21 13:30:00+01:00,3742.5396,3381.267,3967.2092,3631.922660534012,3581.979045698162,3751.5437
2013-12-21 13:40:00+01:00,3613.5344,3742.5396,4256.5664,3743.620377665609,3744.340469624691,3856.6306
2013-12-21 13:50:00+01:00,3626.5444,3613.5344,3903.6145,3665.3324832132757,3785.5504556259175,3775.9395
2013-12-21 14:00:00+01:00,3952.7932,3626.5444,4158.542,3717.0352872764547,3679.4280501046615,3872.7686
2013-12-21 14:10:00+01:00,4221.1035,3952.7932,4237.6914,3845.1721076389335,4020.046080610858,4008.622
2013-12-21 14:20:00+01:00,4256.292,4221.1035,4117.884,4043.4783012443067,4168.573873558142,4202.476
2013-12-21 14:30:00+01:00,4343.9814,4256.292,4251.6855,4184.657363801496,4433.951409654211,4368.875
2013-12-21 14:40:00+01:00,4247.0474,4343.9814,4369.545,4291.356978399843,4528.39817513056,4472.752
2013-12-21 14:50:00+01:00,4482.817,4247.0474,4609.118,4263.405597259087,4460.048461539382,4404.9243
2013-12-21 15:00:00+01:00,4332.155,4482.817,4950.865,4378.765544176091,4621.410005628535,4541.0825
2013-12-21 15:10:00+01:00,4579.6787,4332.155,5118.015,4327.406346666834,4619.405071957583,4493.054
2013-12-21 15:20:00+01:00,4600.0444,4579.6787,5034.9756,4474.351043519822,4661.369441269257,4654.285
2013-12-21 15:30:00+01:00,4888.6743,4600.0444,4939.4927,4502.334567252579,4881.5876142292045,4653.579
2013-12-21 15:40:00+01:00,4814.1216,4888.6743,5049.1216,4710.921600247904,4884.935497859772,4868.677
2013-12-21 15:50:00+01:00,5115.5303,4814.1216,4837.507,4740.2821580301625,4909.854637614731,4880.157
2013-12-21 16:00:00+01:00,4931.132,5115.5303,5057.766,4945.549888147687,5120.022602946103,5080.6973
2013-12-21 16:10:00+01:00,5197.4214,4931.132,5568.093,4900.027207645517,5064.760731144042,4992.015
2013-12-21 16:20:00+01:00,5152.1006,5197.4214,5257.155,5066.363819665012,5107.401412110259,5174.469
2013-12-21 16:30:00+01:00,5161.938,5152.1006,5529.163,5056.83931681134,5003.399324152015,5139.789
2013-12-21 16:40:00+01:00,5238.3193,5161.938,5555.031,5111.7958427176945,4969.332351995182,5191.8545
2013-12-21 16:50:00+01:00,5195.2695,5238.3193,5631.809,5138.530146240957,5279.292222697128,5216.624
2013-12-21 17:00:00+01:00,5096.8105,5195.2695,5643.9414,5129.29420934788,5264.590172867187,5183.1826
2013-12-21 17:10:00+01:00,4723.406,5096.8105,5752.094,5079.782277879513,5039.774111184618,5137.5703
2013-12-21 17:20:00+01:00,4707.66,4723.406,5626.722,4849.347907545598,4698.201445345912,4888.0747
2013-12-21 17:30:00+01:00,4619.0444,4707.66,5712.612,4727.041460619272,4741.40597386594,4762.5283
2013-12-21 17:40:00+01:00,4474.9863,4619.0444,5665.311,4577.540279547466,4572.279538547111,4609.5586
2013-12-21 17:50:00+01:00,4293.826,4474.9863,5206.185,4464.744830856532,4478.968179692546,4514.6978
2013-12-21 18:00:00+01:00,4229.715,4293.826,5011.924,4302.885124524639,4349.892451181655,4353.178
2013-12-21 18:10:00+01:00,3847.8635,4229.715,5022.722,4178.338640079093,4251.240145319281,4209.1494
2013-12-21 18:20:00+01:00,3759.3162,3847.8635,4812.746,3907.9333656854637,4093.9797998892855,3917.2622
2013-12-21 18:30:00+01:00,3328.4038,3759.3162,4872.2754,3745.7016446614607,3850.1689872194793,3768.7505
2013-12-21 18:40:00+01:00,3298.8416,3328.4038,4650.7285,3398.7391723115734,3435.1963955115752,3392.639
2013-12-21 18:50:00+01:00,3376.934,3298.8416,4396.7764,3251.136219194781,3149.6095066538537,3243.3
2013-12-21 19:00:00+01:00,3115.2852,3376.934,3943.4812,3164.9875498970714,3123.4611539616276,3153.2397
2013-12-21 19:10:00+01:00,2839.4736,3115.2852,3720.5264,3023.299332227669,2877.7299246484117,2952.1577
2013-12-21 19:20:00+01:00,2628.2603,2839.4736,3775.0942,2829.6744930936293,2664.6155021750083,2732.2598
2013-12-21 19:30:00+01:00,2649.7197,2628.2603,3760.4016,2590.005826445735,2509.792476278333,2490.0227
2013-12-21 19:40:00+01:00,2409.6824,2649.7197,3713.3352,2481.1925491805864,2459.529996062495,2395.0708
2013-12-21 19:50:00+01:00,2318.0325,2409.6824,3593.7952,2306.488489022837,2311.8608754205225,2200.7075
2013-12-21 20:00:00+01:00,2096.1624,2318.0325,3191.9546,2208.222586129362,2059.1681658526927,2103.4211
2013-12-21 20:10:00+01:00,1898.765,2096.1624,2952.3726,2017.8003812486306,1960.0100702205593,1917.0677
2013-12-21 20:20:00+01:00,1636.9043,1898.765,2834.2615,1849.0709076166802,1828.4480672705172,1753.0619
2013-12-21 20:30:00+01:00,1420.6627,1636.9043,2514.4534,1625.2163916226746,1680.151243248923,1547.3771
2013-12-21 20:40:00+01:00,1195.5848,1420.6627,2228.603,1418.5670715619406,1558.8658436408084,1365.5521
2013-12-21 20:50:00+01:00,1291.7339,1195.5848,2209.0593,1203.8937191305288,1387.2789676439288,1182.495
2013-12-21 21:00:00+01:00,1121.3544,1291.7339,2157.2617,1161.9095515654124,1467.2949802930414,1195.3524
2013-12-21 21:10:00+01:00,1123.2998,1121.3544,1667.415,1051.3638328754046,1236.3307178717766,1093.6963
2013-12-21 21:20:00+01:00,1009.4167,1123.2998,1718.8185,1046.37618361897,1263.647093361557,1071.3691
2013-12-21 21:30:00+01:00,1009.5737,1009.4167,1810.925,957.7675416011856,1156.4283519457383,992.1102
2013-12-21 21:40:00+01:00,845.9599,1009.5737,1654.6707,941.9491510165603,1024.9558694285809,971.4426
2013-12-21 21:50:00+01:00,824.4452,845.9599,1567.5033,839.9837076796458,916.9089280640102,861.94324
2013-12-21 22:00:00+01:00,1049.9863,824.4452,1468.9845,801.0099845146322,903.9907013576504,818.83685
2013-12-21 22:10:00+01:00,899.4314,1049.9863,1233.625,878.5642437267879,912.7199617029354,945.3128
2013-12-21 22:20:00+01:00,778.83716,899.4314,1192.0741,849.2626523291194,923.126830947809,876.6251
2013-12-21 22:30:00+01:00,784.3658,778.83716,1267.8162,811.7474564898596,817.9924673211639,777.28644
2013-12-21 22:40:00+01:00,847.26514,784.3658,997.84,756.952162097884,763.4162122622197,757.1222
2013-12-21 22:50:00+01:00,807.616,847.26514,1207.6161,763.7997839528324,797.0529918758565,789.7296
2013-12-21 23:00:00+01:00,717.5035,807.616,1152.7898,759.035665011591,797.3278371783025,766.0552
2013-12-21 23:10:00+01:00,554.8814,717.5035,946.7475,719.7241910145164,716.1769098627686,698.7137
2013-12-21 23:20:00+01:00,431.04718,554.8814,757.1642,609.0602782386713,621.6600837978415,577.2508
2013-12-21 23:30:00+01:00,450.61215,431.04718,693.1622,490.97033059147384,514.5612818465833,468.37207
2013-12-21 23:40:00+01:00,378.2581,450.61215,596.3415,437.01450011983434,484.04888546444835,456.901
2013-12-21 23:50:00+01:00,413.0446,378.2581,647.8713,375.7509226453535,443.0339229952129,405.46942
2013-12-22 00:00:00+01:00,416.8296,413.0446,617.8548,382.68968281934644,441.7200994803264,412.8004
2013-12-22 00:10:00+01:00,471.00955,416.8296,518.4886,375.7223069062768,387.5687785705536,397.91406
2013-12-22 00:20:00+01:00,364.3126,471.00955,502.69766,412.8589171432168,446.2273165475204,436.22888
2013-12-22 00:30:00+01:00,317.07718,364.3126,423.2686,372.4326831711321,363.26476654853985,367.42432
2013-12-22 00:40:00+01:00,296.8996,317.07718,399.16727,340.3133499389023,322.5516319793842,320.23206
2013-12-22 00:50:00+01:00,202.74721,296.8996,370.3971,297.839870080433,284.80725464627113,298.0775
2013-12-22 01:00:00+01:00,218.88101,202.74721,333.70285,237.60928344324407,249.38570962695746,227.03394
2013-12-22 01:10:00+01:00,220.17166,218.88101,319.21246,224.16609070305378,252.61026734855355,223.51604
2013-12-22 01:20:00+01:00,203.0266,220.17166,328.19092,209.56366211179886,228.41245825700955,223.61703
2013-12-22 01:30:00+01:00,209.5705,203.0266,307.71667,207.90705771014086,217.9778228366261,208.66922
2013-12-22 01:40:00+01:00,187.73396,209.5705,280.96838,210.8918035783928,219.52892559584063,209.36946
2013-12-22 01:50:00+01:00,179.95674,187.73396,297.24448,200.08050559369167,204.81355368975466,192.72853
2013-12-22 02:00:00+01:00,176.40178,179.95674,296.8092,195.62015250609306,210.40315614468716,182.79904
2013-12-22 02:10:00+01:00,158.61143,176.40178,275.20438,189.42246180345876,198.32593121512602,177.69109
2013-12-22 02:20:00+01:00,179.7534,158.61143,295.96558,179.78460208830438,194.880110249208,162.73167
2013-12-22 02:30:00+01:00,155.42879,179.7534,288.8058,187.4790047282263,194.1754906501388,174.62698
2013-12-22 02:40:00+01:00,161.61684,155.42879,261.18066,176.69348555518457,166.60333599589043,157.64458
2013-12-22 02:50:00+01:00,163.42894,161.61684,364.07413,180.40764291450864,195.08738112170977,158.41739
2013-12-22 03:00:00+01:00,154.28816,163.42894,311.54984,177.56798005973565,173.66559274212506,159.14795
2013-12-22 03:10:00+01:00,142.01357,154.28816,293.97247,175.02437368958817,167.40549224360396,151.33997
2013-12-22 03:20:00+01:00,155.68127,142.01357,271.56915,167.3865755615866,179.00241601018934,140.32036
2013-12-22 03:30:00+01:00,147.15718,155.68127,252.22163,169.5836391145681,158.89192053843857,148.27902
2013-12-22 03:40:00+01:00,156.03911,147.15718,242.80673,165.20744670929366,152.94674583496652,142.07553
2013-12-22 03:50:00+01:00,151.39172,156.03911,245.76865,170.9295024967048,158.89192053843857,147.1394
2013-12-22 04:00:00+01:00,144.24457,151.39172,236.2476,168.3873823453315,158.31104490738085,143.62889
2013-12-22 04:10:00+01:00,145.34608,144.24457,220.81198,165.80121885828953,158.31104490738085,137.1471
2013-12-22 04:20:00+01:00,149.29715,145.34608,274.60773,163.85039700264542,167.36485703104972,136.70258
2013-12-22 04:30:00+01:00,156.20477,149.29715,239.82628,164.61682545182225,153.07525881801027,139.14345
2013-12-22 04:40:00+01:00,148.22444,156.20477,224.3993,169.49858992927125,159.98388052442638,144.251
2013-12-22 04:50:00+01:00,137.28139,148.22444,242.9636,168.23608668289728,159.40300489336866,138.4606
2013-12-22 05:00:00+01:00,175.68718,137.28139,221.0352,163.13744916248356,159.40300489336866,129.33755
2013-12-22 05:10:00+01:00,188.8816,175.68718,230.16908,179.1155375268163,160.4993695208128,157.60974
2013-12-22 05:20:00+01:00,153.52303,188.8816,224.53165,192.1514231963074,156.31167449397358,170.71924
2013-12-22 05:30:00+01:00,166.23944,153.52303,222.76654,186.7561262458131,169.13809706345845,145.48825
2013-12-22 05:40:00+01:00,139.73802,166.23944,230.71017,189.8407396561288,171.87576174582117,153.17622
2013-12-22 05:50:00+01:00,167.06377,139.73802,264.28104,172.17836926343261,159.40300489336866,134.02061
2013-12-22 06:00:00+01:00,157.21971,167.06377,232.15659,184.79749552838905,172.89023874233095,153.68411
2013-12-22 06:10:00+01:00,191.82173,157.21971,233.92331,181.1480163161582,162.42658178089758,148.91629
2013-12-22 06:20:00+01:00,174.44112,191.82173,241.91745,204.8814664029992,170.8458820769426,176.27618
2013-12-22 06:30:00+01:00,181.11992,174.44112,253.5995,203.45180098882383,170.36487937381116,167.24283
2013-12-22 06:40:00+01:00,198.58919,181.11992,242.08347,213.9239297757597,178.74427535507942,173.5357
2013-12-22 06:50:00+01:00,175.94362,198.58919,270.68292,223.4726995586003,201.16463078054335,189.323
2013-12-22 07:00:00+01:00,185.95343,175.94362,246.90765,221.0664526209414,189.58032127363703,176.1917
2013-12-22 07:10:00+01:00,169.4521,185.95343,261.5445,229.86487227920804,205.23433535325827,185.29309
2013-12-22 07:20:00+01:00,143.36398,169.4521,279.1738,223.55249464022597,210.90689428828952,176.40616
2013-12-22 07:30:00+01:00,193.89926,143.36398,267.33154,215.02414484511837,204.55011163442913,159.22302
2013-12-22 07:40:00+01:00,184.47607,193.89926,276.85342,237.94394326081567,221.74273459006037,198.682
2013-12-22 07:50:00+01:00,240.31914,184.47607,280.81973,245.16443663804546,205.3104046675135,199.54126
2013-12-22 08:00:00+01:00,326.52258,240.31914,268.59183,291.20434736057086,246.209154293031,247.18564
2013-12-22 08:10:00+01:00,215.69339,326.52258,298.42535,353.3117590252916,309.3130173999532,321.87836
2013-12-22 08:20:00+01:00,260.60254,215.69339,330.80316,337.68671701708956,313.0418020028002,256.13403
2013-12-22 08:30:00+01:00,264.78928,260.60254,353.7739,367.1231785600048,354.1185971874241,290.98474
2013-12-22 08:40:00+01:00,250.56296,264.78928,453.24982,364.00230727510746,346.81604445421317,301.90973
2013-12-22 08:50:00+01:00,314.787,250.56296,440.54807,379.3459916202619,377.4375106130134,302.19336
2013-12-22 09:00:00+01:00,313.99716,314.787,478.73105,421.6725347075516,419.0167549753268,357.5938
2013-12-22 09:10:00+01:00,307.73666,313.99716,506.27518,443.744909920936,414.2966441554192,373.12872
2013-12-22 09:20:00+01:00,368.32416,307.73666,694.0864,467.7265027864379,454.03839835135244,384.36578
2013-12-22 09:30:00+01:00,479.69916,368.32416,641.4095,509.7186891290914,447.17906394583895,440.96716
2013-12-22 09:40:00+01:00,485.31552,479.69916,721.6056,590.4273946859264,603.2316641083632,540.5044
2013-12-22 09:50:00+01:00,637.48254,485.31552,907.7252,643.6917260815691,664.4137622910904,577.2773
2013-12-22 10:00:00+01:00,769.5695,637.48254,1114.5947,760.6029278552236,769.488932661503,713.5029
2013-12-22 10:10:00+01:00,1042.939,769.5695,1228.5956,873.7480983787002,933.9463835157957,845.68176
2013-12-22 10:20:00+01:00,1120.0114,1042.939,1423.1975,1087.732133341439,1113.1681887397788,1087.7513
2013-12-22 10:30:00+01:00,1506.1578,1120.0114,1654.0883,1227.0254527529491,1377.1367995208266,1219.6754
2013-12-22 10:40:00+01:00,1612.749,1506.1578,1956.6677,1513.6047406934008,1606.1697548940954,1554.5626
2013-12-22 10:50:00+01:00,1948.4683,1612.749,2178.8237,1677.8315910191664,1815.0115240748141,1728.5583
2013-12-22 11:00:00+01:00,1964.9064,1948.4683,2410.5361,1969.607303572269,2028.8844054716324,2054.6594
2013-12-22 11:10:00+01:00,2264.9587,1964.9064,2694.756,2082.6021122207185,2221.205210411846,2170.5103
2013-12-22 11:20:00+01:00,2556.0422,2264.9587,2692.7954,2323.6801493933845,2498.3364238464687,2434.9492
2013-12-22 11:30:00+01:00,2781.1304,2556.0422,3070.3906,2545.2388377724606,2636.9760261254314,2669.665
2013-12-22 11:40:00+01:00,2721.041,2781.1304,3627.3855,2795.306487242987,2896.795828240754,2911.6807
2013-12-22 11:50:00+01:00,2945.836,2721.041,4001.8557,2883.3641527906066,3109.9804168028036,2975.6548
2013-12-22 12:00:00+01:00,3088.5342,2945.836,3704.9597,3038.8830973904232,3171.502869515154,3122.128
2013-12-22 12:10:00+01:00,3307.9297,3088.5342,3940.879,3145.460702169247,3346.0934544790957,3218.3718
2013-12-22 12:20:00+01:00,3401.1375,3307.9297,4146.153,3337.3696582014554,3503.390392011475,3424.8943
2013-12-22 12:30:00+01:00,3480.9958,3401.1375,4702.429,3460.821877801055,3539.29887908652,3550.3794
2013-12-22 12:40:00+01:00,3382.0596,3480.9958,4197.484,3566.844162265068,3623.09046230445,3646.0017
2013-12-22 12:50:00+01:00,3540.3796,3382.0596,4313.2974,3548.792443483098,3538.917185539435,3616.7551
2013-12-22 13:00:00+01:00,3520.159,3540.3796,4521.218,3618.891432983485,3663.114371117295,3702.221
2013-12-22 13:10:00+01:00,3635.4126,3520.159,4276.9795,3610.29189577793,3738.834220969696,3700.8562
2013-12-22 13:20:00+01:00,3604.9355,3635.4126,4215.811,3690.893786080611,3754.9556335210573,3803.306
2013-12-22 13:30:00+01:00,3322.62,3604.9355,4585.126,3684.373110075122,3761.2156253817416,3797.5396
2013-12-22 13:40:00+01:00,3709.6125,3322.62,4331.676,3550.296180940245,3603.3300824130365,3646.2705
2013-12-22 13:50:00+01:00,3698.953,3709.6125,4647.4727,3668.7287813784096,3694.872096062428,3794.0151
2013-12-22 14:00:00+01:00,3807.0195,3698.953,4314.495,3668.948020363392,3779.6662843779027,3800.6814
2013-12-22 14:10:00+01:00,3881.282,3807.0195,4461.578,3800.140170046433,3853.5780304374066,3960.9636
2013-12-22 14:20:00+01:00,4090.7812,3881.282,4641.8364,3848.614880318758,3982.5358595245198,4005.4458
2013-12-22 14:30:00+01:00,4110.3506,4090.7812,4657.4263,3986.9547109030605,4100.810782789763,4137.688
2013-12-22 14:40:00+01:00,4074.694,4110.3506,4848.6987,4051.1017922302594,4129.899873441568,4213.8594
2013-12-22 14:50:00+01:00,3939.6633,4074.694,4774.5503,4079.8496536729613,4243.8237276782675,4248.2773
2013-12-22 15:00:00+01:00,4441.4775,3939.6633,5094.702,4004.445850572112,4204.7239626028195,4152.52
2013-12-22 15:10:00+01:00,4475.815,4441.4775,4900.986,4219.610981520609,4452.1760392169135,4385.295
2013-12-22 15:20:00+01:00,4638.5596,4475.815,4870.213,4310.540442524352,4558.059097601042,4470.1787
2013-12-22 15:30:00+01:00,4911.654,4638.5596,4977.639,4515.770064012615,4878.851839303263,4694.5293
2013-12-22 15:40:00+01:00,4693.617,4911.654,5138.2964,4697.324524702863,4915.319184860898,4855.372
2013-12-22 15:50:00+01:00,4772.321,4693.617,5059.097,4683.357620416649,4915.650638907882,4785.548
2013-12-22 16:00:00+01:00,4917.944,4772.321,5037.6064,4741.879509058115,4991.957187930588,4866.693
2013-12-22 16:10:00+01:00,5202.037,4917.944,5495.6636,4783.5724731393475,4866.516004871914,4889.5356
2013-12-22 16:20:00+01:00,5496.4404,5202.037,5228.214,4977.101583304911,5067.100857614578,5079.981
2013-12-22 16:30:00+01:00,5148.8115,5496.4404,5216.353,5219.293419586419,5283.389573810558,5339.502
2013-12-22 16:40:00+01:00,5170.4727,5148.8115,4891.5386,5168.656972437113,4966.1071991810395,5243.401
2013-12-22 16:50:00+01:00,5197.569,5170.4727,4855.8286,5170.430008358111,5090.369965793058,5233.9766
2013-12-22 17:00:00+01:00,5111.876,5197.569,5024.623,5102.878979063667,5217.10173968975,5128.7383
2013-12-22 17:10:00+01:00,5203.0317,5111.876,5049.597,5061.921275532735,5032.503854661716,5100.6357
2013-12-22 17:20:00+01:00,4704.4346,5203.0317,4870.101,5085.617707143493,4955.691450320284,5169.973
2013-12-22 17:30:00+01:00,4574.6064,4704.4346,5109.1313,4819.31736450095,4704.630319543815,4849.527
2013-12-22 17:40:00+01:00,4689.8677,4574.6064,4830.622,4654.012850835206,4723.692638051348,4681.5254
2013-12-22 17:50:00+01:00,4508.6577,4689.8677,4632.567,4552.763241836234,4679.768176895299,4582.4805
2013-12-22 18:00:00+01:00,4076.4365,4508.6577,4651.008,4435.914966244916,4441.425635881369,4450.8154
2013-12-22 18:10:00+01:00,3945.8662,4076.4365,4238.47,4184.386571911004,4205.158408189443,4203.608
2013-12-22 18:20:00+01:00,3792.1099,3945.8662,4344.749,3963.6756552136494,4168.234750170785,3972.0754
2013-12-22 18:30:00+01:00,3426.2136,3792.1099,4521.734,3736.5432416916865,3895.3120811548024,3709.772
2013-12-22 18:40:00+01:00,3258.95,3426.2136,4171.7363,3466.5034971109762,3623.10850810694,3415.2253
2013-12-22 18:50:00+01:00,3132.6306,3258.95,3998.0579,3247.7199747503782,3302.021528716951,3192.2417
2013-12-22 19:00:00+01:00,2755.7332,3132.6306,3769.2004,3043.8512003364813,2967.550481360832,2959.9424
2013-12-22 19:10:00+01:00,2439.4658,2755.7332,3586.2947,2768.939602883998,2674.501556110443,2637.156
2013-12-22 19:20:00+01:00,2133.372,2439.4658,3689.5105,2483.4231577490154,2451.492892376425,2345.9407
2013-12-22 19:30:00+01:00,1886.3403,2133.372,3227.6375,2160.5491579534773,2136.8642839409345,2034.1256
2013-12-22 19:40:00+01:00,1736.2622,1886.3403,3015.9348,1886.3017333923303,1927.0575876612822,1778.4841
2013-12-22 19:50:00+01:00,1414.5424,1736.2622,2572.9102,1678.7152144369682,1802.7957796826279,1606.0367
2013-12-22 20:00:00+01:00,1426.4116,1414.5424,2516.9485,1420.9547220142608,1551.1140407325427,1362.0546
2013-12-22 20:10:00+01:00,1313.5432,1426.4116,2467.7761,1321.122184245247,1513.630669953616,1314.5784
2013-12-22 20:20:00+01:00,1210.7015,1313.5432,2052.0833,1191.43452601575,1476.3879819483836,1225.619
2013-12-22 20:30:00+01:00,1004.9643,1210.7015,1838.932,1119.6422598260708,1312.6556679606786,1152.1312
2013-12-22 20:40:00+01:00,878.2758,1004.9643,1492.357,971.162109297388,1091.5995071253876,1010.97
2013-12-22 20:50:00+01:00,916.84094,878.2758,1468.819,845.0496888118133,989.0624967042472,902.88403
2013-12-22 21:00:00+01:00,756.34454,916.84094,1252.7516,796.9350808863683,991.1312804423252,898.841
2013-12-22 21:10:00+01:00,573.801,756.34454,1153.8198,701.8150110637172,918.8981667089906,797.538
2013-12-22 21:20:00+01:00,561.53125,573.801,1117.1544,592.0879460560869,691.5233718663234,657.8967
2013-12-22 21:30:00+01:00,604.3314,561.53125,1081.6537,518.2996008857783,644.1280945339453,616.7143
2013-12-22 21:40:00+01:00,415.2736,604.3314,1042.948,502.9611372064634,617.494280596204,631.98035
2013-12-22 21:50:00+01:00,512.7652,415.2736,972.1848,420.3726952349058,516.5574341276496,510.6034
2013-12-22 22:00:00+01:00,696.9035,512.7652,988.6887,446.06714035560975,554.5366475249625,538.4975
2013-12-22 22:10:00+01:00,547.44727,696.9035,962.3028,521.766034647822,589.2836773045924,661.02484
2013-12-22 22:20:00+01:00,431.02182,547.44727,698.766,511.5931303756303,547.6283787969231,583.32385
2013-12-22 22:30:00+01:00,381.10562,431.02182,682.76245,466.8120083004592,455.2689445926504,484.8709
2013-12-22 22:40:00+01:00,402.65027,381.10562,580.84076,384.9676544665002,423.34913240497906,433.4179
2013-12-22 22:50:00+01:00,363.70206,402.65027,517.4076,360.05759504561195,427.5356499195233,431.93982
2013-12-22 23:00:00+01:00,364.70593,363.70206,528.26385,334.10037097541226,390.2272435510438,401.65918
2013-12-22 23:10:00+01:00,293.6267,364.70593,532.66895,331.51089008502754,395.52649027125847,390.7343
2013-12-22 23:20:00+01:00,271.79803,293.6267,452.691,286.5028875447107,354.2628163539118,339.65927
2013-12-22 23:30:00+01:00,254.00237,271.79803,438.23145,260.2609733973329,334.27393345973104,310.24652
2013-12-22 23:40:00+01:00,280.6933,254.00237,394.4474,229.83503263755983,307.8327721473242,290.60495
2013-12-22 23:50:00+01:00,230.58522,280.6933,346.18082,234.27703585450422,329.6927898171826,300.17365
