timestamp,actual,Persistence,Seasonal naive (week),ARIMA+Fourier,LightGBM,LSTM
2013-12-16 00:00:00+01:00,232.18988,252.53775,276.07938,271.21590637813733,264.9206251446492,251.9379
2013-12-16 00:10:00+01:00,246.45065,232.18988,245.93452,257.16476274328215,232.45608213714434,207.3302
2013-12-16 00:20:00+01:00,214.63658,246.45065,226.85709,264.84740842673864,230.8962280032276,235.72592
2013-12-16 00:30:00+01:00,219.90701,214.63658,231.07928,250.81025060476964,224.14220528794084,230.83405
2013-12-16 00:40:00+01:00,268.1309,219.90701,236.20422,252.88322293562146,224.14220528794084,215.15349
2013-12-16 00:50:00+01:00,221.68805,268.1309,176.40648,283.10557560619736,251.5357788010134,238.59723
2013-12-16 01:00:00+01:00,222.30826,221.68805,213.44171,264.92641526511716,227.55468754174333,231.48752
2013-12-16 01:10:00+01:00,211.72433,222.30826,208.62811,259.05022898835114,225.64898701442584,225.50632
2013-12-16 01:20:00+01:00,228.3671,211.72433,341.9561,242.86088030657152,228.7173306247098,200.61511
2013-12-16 01:30:00+01:00,209.08351,228.3671,349.9486,245.73757317817694,228.7173306247098,214.77948
2013-12-16 01:40:00+01:00,192.91374,209.08351,244.39297,228.96337575545294,216.62573649423953,205.05531
2013-12-16 01:50:00+01:00,192.76501,192.91374,172.3614,208.5991829418124,201.34449003187095,188.94034
2013-12-16 02:00:00+01:00,206.97308,192.76501,219.67459,194.22697710763282,198.45529710841657,182.62839
2013-12-16 02:10:00+01:00,234.10466,206.97308,205.7273,192.95555415093474,215.89110545020492,189.69962
2013-12-16 02:20:00+01:00,206.42862,234.10466,150.59215,205.54109194459227,215.89110545020492,206.77522
2013-12-16 02:30:00+01:00,206.32529,206.42862,187.87727,188.53513664160664,207.8986540846837,198.70715
2013-12-16 02:40:00+01:00,195.2828,206.32529,191.42,179.68359249285265,205.43984616715068,200.6728
2013-12-16 02:50:00+01:00,187.51591,195.2828,149.00557,164.5520458387773,193.84192731146382,187.83426
2013-12-16 03:00:00+01:00,169.92992,187.51591,184.53839,153.97615324785556,198.45529710841657,183.67587
2013-12-16 03:10:00+01:00,193.78354,169.92992,205.91734,137.9900480085755,190.51081404283983,170.2574
2013-12-16 03:20:00+01:00,169.874,193.78354,165.02663,148.1247219313468,185.27536725719804,175.8445
2013-12-16 03:30:00+01:00,167.73363,169.874,165.94577,136.93242941864105,193.6861520010928,163.46838
2013-12-16 03:40:00+01:00,196.84103,167.73363,183.0683,135.0882096466139,184.28539802872479,166.21815
2013-12-16 03:50:00+01:00,163.31662,196.84103,168.22723,152.77808307159057,179.195231072568,175.65524
2013-12-16 04:00:00+01:00,164.88988,163.31662,163.94128,140.33323381440846,187.92722424390774,162.4209
2013-12-16 04:10:00+01:00,213.83914,164.88988,190.2076,140.17942645211042,183.96437617989173,168.01393
2013-12-16 04:20:00+01:00,168.66272,213.83914,164.9776,170.01840121559053,192.93406888237612,185.66258
2013-12-16 04:30:00+01:00,166.91852,168.66272,161.67197,153.9479077065571,185.3925704651222,168.7242
2013-12-16 04:40:00+01:00,187.45837,166.91852,183.61081,149.79440811605264,183.96437617989173,175.13823
2013-12-16 04:50:00+01:00,171.63751,187.45837,146.1726,157.11338911367307,177.88190073099938,171.95453
2013-12-16 05:00:00+01:00,169.25966,171.63751,163.21098,150.78529830079742,179.9150814549189,165.2706
2013-12-16 05:10:00+01:00,178.00412,169.25966,198.71889,147.15740384451146,185.8417707291937,170.11604
2013-12-16 05:20:00+01:00,168.92126,178.00412,161.78714,148.85973675051082,178.99656258914698,167.5408
2013-12-16 05:30:00+01:00,171.16241,168.92126,182.7754,143.3902222166521,182.26432652634165,162.04045
2013-12-16 05:40:00+01:00,205.22343,171.16241,179.76599,143.07912139998257,182.5692398314842,167.76285
2013-12-16 05:50:00+01:00,189.87572,205.22343,189.95084,164.39700237059787,190.0423161575078,187.24557
2013-12-16 06:00:00+01:00,199.52766,189.87572,200.40225,164.01252976435035,190.20880959191837,183.8432
2013-12-16 06:10:00+01:00,182.89713,199.52766,191.18205,174.3623673817508,194.97795469924213,199.38509
2013-12-16 06:20:00+01:00,229.88231,182.89713,205.05429,169.49786671169863,194.97795469924213,191.44482
2013-12-16 06:30:00+01:00,194.64496,229.88231,243.02533,204.93363887230225,205.68162186115458,224.58627
2013-12-16 06:40:00+01:00,224.58917,194.64496,275.2578,201.17113749105647,216.11105885126136,210.7586
2013-12-16 06:50:00+01:00,237.17328,224.58917,240.74446,231.08456490405274,239.89286033829666,242.43051
2013-12-16 07:00:00+01:00,303.32068,237.17328,290.9145,256.4690846865544,261.9942530772893,258.60522
2013-12-16 07:10:00+01:00,308.52094,303.32068,344.05566,322.20800629479436,312.3559702726019,319.7019
2013-12-16 07:20:00+01:00,344.40997,308.52094,395.54498,360.1648275186569,337.2698754053678,348.458
2013-12-16 07:30:00+01:00,428.8805,344.40997,489.76227,411.6296681525546,369.52002291543016,405.04688
2013-12-16 07:40:00+01:00,472.67004,428.8805,523.51135,493.6124899863919,486.9152379873309,493.8274
2013-12-16 07:50:00+01:00,609.2558,472.67004,586.66754,563.638561459439,562.061805818973,564.0613
2013-12-16 08:00:00+01:00,728.3173,609.2558,731.9736,688.6849354142419,684.8890869454233,710.6835
2013-12-16 08:10:00+01:00,860.0231,728.3173,873.18,816.1912202551031,784.0276796345314,854.69415
2013-12-16 08:20:00+01:00,1125.8514,860.0231,981.89557,956.7931770900963,937.9823306941734,1025.3016
2013-12-16 08:30:00+01:00,1168.1613,1125.8514,1163.3973,1180.7534403960983,1282.5287768923063,1289.0012
2013-12-16 08:40:00+01:00,1387.155,1168.1613,1381.5403,1289.7756985739534,1497.2648405772045,1409.8734
2013-12-16 08:50:00+01:00,1756.5063,1387.155,1767.5266,1475.0005644501357,1696.1266299780061,1621.5468
2013-12-16 09:00:00+01:00,2052.4333,1756.5063,1991.6282,1764.4608981720717,1979.4970181309366,1873.7014
2013-12-16 09:10:00+01:00,2183.5962,2052.4333,2270.6963,2058.8881707249207,2213.046845527663,2108.354
2013-12-16 09:20:00+01:00,2043.3542,2183.5962,2436.95,2247.078459520526,2378.068815188114,2295.53
2013-12-16 09:30:00+01:00,2211.981,2043.3542,2475.4375,2213.247260625365,2293.92809727143,2294.1064
2013-12-16 09:40:00+01:00,2340.4595,2211.981,2788.9124,2294.070574742528,2406.886155913558,2339.867
2013-12-16 09:50:00+01:00,2499.4402,2340.4595,2681.9104,2383.089162338986,2457.1495776410834,2368.8232
2013-12-16 10:00:00+01:00,2422.3499,2499.4402,2658.678,2520.3133224345147,2570.4876745447173,2518.126
2013-12-16 10:10:00+01:00,2569.7798,2422.3499,2825.1472,2508.490120778976,2642.8894644484235,2534.8845
2013-12-16 10:20:00+01:00,2579.7612,2569.7798,2854.311,2592.247373977766,2623.0666060060616,2625.7527
2013-12-16 10:30:00+01:00,2654.0537,2579.7612,2969.6309,2610.2767487147657,2644.6814633871873,2695.2888
2013-12-16 10:40:00+01:00,2848.7236,2654.0537,2935.6755,2668.4843552050415,2766.4414331983166,2774.5164
2013-12-16 10:50:00+01:00,2786.2073,2848.7236,3031.4636,2803.187179064722,2855.2838532702795,2827.385
2013-12-16 11:00:00+01:00,2861.6458,2786.2073,3144.189,2810.5371581117097,2829.949156360916,2888.1968
2013-12-16 11:10:00+01:00,2811.4268,2861.6458,3214.736,2866.080870443896,2867.973623335594,2940.0015
2013-12-16 11:20:00+01:00,2873.9026,2811.4268,3120.809,2842.3305070852857,2881.624745827666,2895.9797
2013-12-16 11:30:00+01:00,2930.763,2873.9026,3138.4722,2881.61851925914,2950.356616810489,2956.8616
2013-12-16 11:40:00+01:00,3040.112,2930.763,3048.4841,2928.300010827689,2970.6362820717504,2963.3394
2013-12-16 11:50:00+01:00,3118.5771,3040.112,3230.4604,3022.168702426115,3027.8911039468294,2996.7764
2013-12-16 12:00:00+01:00,2854.6624,3118.5771,3164.477,3107.6189519614454,3078.060669315965,3101.4722
2013-12-16 12:10:00+01:00,2981.6665,2854.6624,3393.2017,2973.452696213868,3021.069837193718,3044.866
2013-12-16 12:20:00+01:00,3125.8438,2981.6665,3336.7927,3008.406834843506,3112.274443908984,3055.6758
2013-12-16 12:30:00+01:00,3391.409,3125.8438,3409.247,3097.764428850839,3118.995980528032,3178.2332
2013-12-16 12:40:00+01:00,3522.35,3391.409,3823.8647,3315.3389466019667,3376.822596750506,3366.1694
2013-12-16 12:50:00+01:00,3438.2263,3522.35,3724.2676,3474.0774526240643,3553.559932797917,3475.883
2013-12-16 13:00:00+01:00,3530.8872,3438.2263,3743.409,3478.2957607853414,3566.0357572846906,3519.5159
2013-12-16 13:10:00+01:00,3249.5356,3530.8872,3872.8955,3529.0503112851575,3620.2024392219873,3581.5522
2013-12-16 13:20:00+01:00,3270.1116,3249.5356,3649.3113,3351.602664929931,3383.184993595038,3464.2285
2013-12-16 13:30:00+01:00,3355.1326,3270.1116,3863.2632,3304.424726582035,3407.6577687155577,3382.8533
2013-12-16 13:40:00+01:00,3163.86,3355.1326,3894.021,3318.469744460816,3306.322475448374,3341.187
2013-12-16 13:50:00+01:00,3426.3613,3163.86,3508.3252,3207.120210480655,3131.029360087438,3269.7893
2013-12-16 14:00:00+01:00,3390.733,3426.3613,3526.2966,3332.566360473137,3233.0217355800282,3265.6284
2013-12-16 14:10:00+01:00,3217.6746,3390.733,3614.6162,3334.929458984632,3276.267663591103,3277.397
2013-12-16 14:20:00+01:00,3293.2998,3217.6746,3404.4192,3240.397255746877,3199.636701191344,3276.6938
2013-12-16 14:30:00+01:00,3250.9749,3293.2998,3273.331,3239.0707214171534,3220.6990371961756,3222.3296
2013-12-16 14:40:00+01:00,2988.6755,3250.9749,3082.7795,3202.7187608675986,3195.2082953550257,3217.034
2013-12-16 14:50:00+01:00,2891.0247,2988.6755,3062.046,3032.4133948023214,3082.0014789381044,3145.5298
2013-12-16 15:00:00+01:00,2885.945,2891.0247,3186.2708,2906.074649838898,3034.8743536161137,2942.8616
2013-12-16 15:10:00+01:00,3058.1343,2885.945,3026.7527,2850.5563609185,2962.6454202182686,2893.4
2013-12-16 15:20:00+01:00,2785.3396,3058.1343,3134.2349,2951.3391996294754,3001.4625881322563,2987.1106
2013-12-16 15:30:00+01:00,3014.1555,2785.3396,3156.0156,2819.9772332522825,2874.844454467856,2864.1738
2013-12-16 15:40:00+01:00,2961.3494,3014.1555,3131.0847,2933.2451747427867,3014.34020154583,2937.2366
2013-12-16 15:50:00+01:00,2770.2827,2961.3494,3036.9766,2923.4501611423616,2982.9642373990805,2996.6274
2013-12-16 16:00:00+01:00,2893.5415,2770.2827,3062.7144,2824.3642073792275,2878.520194582595,2917.0312
2013-12-16 16:10:00+01:00,3021.9102,2893.5415,3103.106,2859.781231715706,2953.1990400434993,2903.0757
2013-12-16 16:20:00+01:00,3028.2185,3021.9102,3020.9905,2949.9324498716514,2965.7706707088964,2954.202
2013-12-16 16:30:00+01:00,3020.55,3028.2185,3159.5352,3000.12444813211,2989.6550694891775,2999.9934
2013-12-16 16:40:00+01:00,2886.4558,3020.55,2995.249,3012.4731521478557,2983.4732463982264,2979.5542
2013-12-16 16:50:00+01:00,2971.2048,2886.4558,3248.5042,2923.1462964229886,2885.190533037232,2924.3447
2013-12-16 17:00:00+01:00,2918.5884,2971.2048,3000.5298,2941.2257295663776,2920.64910245862,2936.8267
2013-12-16 17:10:00+01:00,2771.499,2918.5884,2873.7368,2901.9721631079865,2865.671072101783,2878.5815
2013-12-16 17:20:00+01:00,2934.1196,2771.499,2749.4236,2796.4630809954297,2825.170601842578,2800.4844
2013-12-16 17:30:00+01:00,2954.7515,2934.1196,2749.5051,2849.064887919507,2783.6065527247583,2814.1562
2013-12-16 17:40:00+01:00,2941.6682,2954.7515,2881.8267,2866.771374589407,2778.1140782142334,2798.431
2013-12-16 17:50:00+01:00,2747.211,2941.6682,2945.4988,2868.871880450459,2777.9629897229433,2812.1196
2013-12-16 18:00:00+01:00,2658.7869,2747.211,2983.1672,2729.7974176558237,2677.293862615634,2723.072
2013-12-16 18:10:00+01:00,2650.0586,2658.7869,2645.0142,2614.581451892683,2608.0366919413536,2624.6262
2013-12-16 18:20:00+01:00,2317.7249,2650.0586,2781.8096,2552.8015434987187,2415.0591150450746,2550.698
2013-12-16 18:30:00+01:00,2560.4683,2317.7249,2494.261,2316.831123955537,2290.554923759271,2364.6687
2013-12-16 18:40:00+01:00,2174.4463,2560.4683,2094.783,2388.8424931101126,2247.693406659317,2355.0354
2013-12-16 18:50:00+01:00,2060.105,2174.4463,2029.7943,2149.511058819386,2126.6832408902706,2097.9082
2013-12-16 19:00:00+01:00,2025.3452,2060.105,2030.2725,2018.026853525809,1997.709731063708,2043.2731
2013-12-16 19:10:00+01:00,1840.871,2025.3452,1825.4419,1923.1107364160152,1905.6535794206789,1906.6456
2013-12-16 19:20:00+01:00,1864.1748,1840.871,1704.1217,1786.6800247762412,1722.2153219584218,1741.6971
2013-12-16 19:30:00+01:00,1815.9197,1864.1748,1528.3425,1762.2228786912124,1694.9619536084656,1738.3708
2013-12-16 19:40:00+01:00,1556.177,1815.9197,1483.5333,1721.9111151949153,1671.9542000644678,1659.6978
2013-12-16 19:50:00+01:00,1483.828,1556.177,1483.4307,1557.7484855183934,1508.571748628787,1508.6245
2013-12-16 20:00:00+01:00,1350.4186,1483.828,1221.8053,1458.4894387873778,1388.5509274129874,1446.2026
2013-12-16 20:10:00+01:00,1286.6215,1350.4186,1334.3075,1336.1358293745761,1343.7993564718495,1313.9364
2013-12-16 20:20:00+01:00,1215.8221,1286.6215,1260.217,1267.6783235715632,1272.5218829063456,1246.507
2013-12-16 20:30:00+01:00,1162.7462,1215.8221,1206.863,1201.8850207415026,1169.1946033935578,1179.3253
2013-12-16 20:40:00+01:00,1167.4231,1162.7462,1146.9244,1153.1879101125132,1142.8193372650733,1117.0946
2013-12-16 20:50:00+01:00,962.3014,1167.4231,1149.4872,1142.8301825755823,1096.9967738268379,1088.8544
2013-12-16 21:00:00+01:00,951.89545,962.3014,1049.0072,1011.4197953920213,961.8543987562191,967.4796
2013-12-16 21:10:00+01:00,927.24634,951.89545,900.2009,962.9269324312158,909.0593699211611,939.485
2013-12-16 21:20:00+01:00,875.95105,927.24634,871.76575,920.7456526734134,889.9971503675155,884.8331
2013-12-16 21:30:00+01:00,853.0675,875.95105,921.22363,880.6645636399087,880.737910415585,851.36285
2013-12-16 21:40:00+01:00,817.6552,853.0675,896.57965,849.5680951421673,824.7993347658261,831.58356
2013-12-16 21:50:00+01:00,764.6574,817.6552,817.80853,812.4085601909915,785.9119306118555,791.20526
2013-12-16 22:00:00+01:00,819.1556,764.6574,795.5941,764.1198230344139,755.2317104563086,752.08417
2013-12-16 22:10:00+01:00,746.0707,819.1556,838.5775,779.0095803236584,778.0920914639995,769.4033
2013-12-16 22:20:00+01:00,672.63776,746.0707,798.9358,734.4599869529009,743.8328917766343,724.06995
2013-12-16 22:30:00+01:00,686.4749,672.63776,725.1203,675.4152465097344,677.5351611690045,684.5206
2013-12-16 22:40:00+01:00,691.57684,686.4749,769.7224,657.532342594476,669.5360602489171,665.45715
2013-12-16 22:50:00+01:00,721.8354,691.57684,701.9041,654.9615002584617,655.5247787983059,655.9367
2013-12-16 23:00:00+01:00,670.4379,721.8354,668.13574,678.9959349297249,686.1181840727407,679.00464
2013-12-16 23:10:00+01:00,651.57837,670.4379,726.3212,657.0070366206678,672.4380411714866,650.2612
2013-12-16 23:20:00+01:00,609.9294,651.57837,673.22754,642.3256254257891,633.580987237058,631.5152
2013-12-16 23:30:00+01:00,588.9925,609.9294,752.7184,611.5514649167471,623.5483914137534,600.5989
2013-12-16 23:40:00+01:00,525.4099,588.9925,867.2728,593.9858701204688,627.28393463947,581.1113
2013-12-16 23:50:00+01:00,516.77344,525.4099,619.8866,551.5278370209456,541.1034661341076,531.7861
2013-12-17 00:00:00+01:00,467.06073,516.77344,644.2114,537.395972064169,526.5957284327615,505.30096
2013-12-17 00:10:00+01:00,495.03104,467.06073,661.13904,503.58183035278535,486.6049620553227,499.32468
2013-12-17 00:20:00+01:00,440.19058,495.03104,591.2548,516.2578283758485,485.8717185264082,470.08798
2013-12-17 00:30:00+01:00,458.8445,440.19058,540.81055,486.91294192574605,455.3915974110555,411.5232
2013-12-17 00:40:00+01:00,489.79425,458.8445,601.8876,494.1146378875959,454.3546951815485,420.41745
2013-12-17 00:50:00+01:00,408.49872,489.79425,534.22125,513.4200944254678,454.22992040996866,426.82144
2013-12-17 01:00:00+01:00,388.28894,408.49872,541.08356,470.7585280502369,442.16965507305713,403.4884
2013-12-17 01:10:00+01:00,415.64603,388.28894,536.30084,441.65544213775775,406.42000243496346,395.99402
2013-12-17 01:20:00+01:00,387.5084,415.64603,433.90784,440.7763452148288,404.8110304419819,384.25137
2013-12-17 01:30:00+01:00,314.92847,387.5084,418.36877,420.88562898069915,383.5419995845199,381.51266
2013-12-17 01:40:00+01:00,360.4596,314.92847,460.4586,364.74376626937897,355.4663175904679,345.83316
2013-12-17 01:50:00+01:00,302.23495,360.4596,398.83795,366.4225994844213,366.56747297084206,328.57785
2013-12-17 02:00:00+01:00,288.7284,302.23495,398.1834,322.0517825848798,316.89275430349653,299.86417
2013-12-17 02:10:00+01:00,350.71536,288.7284,422.07727,297.75381130123867,326.80333939196396,310.2043
2013-12-17 02:20:00+01:00,315.43918,350.71536,398.2468,319.2645356977266,332.0443148765534,304.61575
2013-12-17 02:30:00+01:00,325.187,315.43918,421.91888,301.72985804031316,314.49905583579795,300.0936
2013-12-17 02:40:00+01:00,376.63162,325.187,428.82968,301.80000424923196,321.3407968132013,334.20605
2013-12-17 02:50:00+01:00,344.88116,376.63162,385.66125,327.88661227207524,337.6931981830882,332.44113
2013-12-17 03:00:00+01:00,306.31808,344.88116,410.02798,317.11082701758926,345.30069404014773,333.4321
2013-12-17 03:10:00+01:00,379.13046,306.31808,477.56613,290.099213722655,331.8813023815432,338.16406
2013-12-17 03:20:00+01:00,325.17874,379.13046,357.63818,323.90084321850577,351.6853194507025,339.7084
2013-12-17 03:30:00+01:00,319.2871,325.17874,367.98383,301.8008957233409,325.7068437125641,320.25708
2013-12-17 03:40:00+01:00,333.00015,319.2871,467.186,296.9227474950046,333.1396458150038,345.28516
2013-12-17 03:50:00+01:00,284.91956,333.00015,382.32745,300.2063089057367,323.5750591309667,313.93005
2013-12-17 04:00:00+01:00,282.09207,284.91956,364.37384,274.552495391767,289.7206712840522,293.49014
2013-12-17 04:10:00+01:00,316.85693,282.09207,419.83234,266.4297908500547,280.56114165395536,308.14365
2013-12-17 04:20:00+01:00,279.53867,316.85693,373.24265,284.4084764354243,299.19588413277745,295.95828
2013-12-17 04:30:00+01:00,316.08957,279.53867,377.11298,269.65351988956536,287.52037138326943,283.41443
2013-12-17 04:40:00+01:00,313.36972,316.08957,409.1055,289.98244270801774,299.19588413277745,320.8705
2013-12-17 04:50:00+01:00,296.68118,313.36972,352.69434,291.9243895596129,307.6531188548996,303.89536
2013-12-17 05:00:00+01:00,290.39072,296.68118,394.31927,284.5951019847746,303.19476997673246,306.53842
2013-12-17 05:10:00+01:00,339.114,290.39072,442.62045,275.38472910495364,298.180206696004,309.16434
2013-12-17 05:20:00+01:00,308.09247,339.114,371.55872,301.6717006822639,311.11493234530985,322.2802
2013-12-17 05:30:00+01:00,294.46112,308.09247,394.11264,290.58646237483754,314.4841157479859,313.59283
2013-12-17 05:40:00+01:00,315.0319,294.46112,445.37726,280.17879500535673,315.61638065803857,318.03934
2013-12-17 05:50:00+01:00,331.99133,315.0319,408.03943,286.60759882908576,305.19943873575824,311.71097
2013-12-17 06:00:00+01:00,317.041,331.99133,436.78824,301.9077434277866,317.62027050083304,322.12793
2013-12-17 06:10:00+01:00,330.7334,317.041,462.7917,302.04173183494277,312.2404624644252,329.71274
2013-12-17 06:20:00+01:00,338.5261,330.7334,374.1717,315.0826202281619,319.9297584447191,335.36508
2013-12-17 06:30:00+01:00,311.98495,338.5261,411.68982,329.1519515020527,323.3748152931888,337.64093
2013-12-17 06:40:00+01:00,377.2446,311.98495,554.008,325.96529599701284,336.8014167434804,335.84872
2013-12-17 06:50:00+01:00,364.60797,377.2446,422.6603,375.5415407313542,380.2468804268086,378.13095
2013-12-17 07:00:00+01:00,463.99982,364.60797,521.6469,393.7309650847403,388.7268456328886,376.45038
2013-12-17 07:10:00+01:00,515.5596,463.99982,610.34106,479.47718989749774,488.417349466351,460.883
2013-12-17 07:20:00+01:00,516.2354,515.5596,605.98047,551.3595050044155,524.0204622443091,516.72455
2013-12-17 07:30:00+01:00,538.05585,516.2354,710.80786,594.7378651767781,600.0728327795116,562.1851
2013-12-17 07:40:00+01:00,723.5852,538.05585,720.679,634.5343081481565,689.306990907745,620.1982
2013-12-17 07:50:00+01:00,763.5819,723.5852,789.74915,776.88667633265,784.6571856413098,771.9397
2013-12-17 08:00:00+01:00,728.2444,763.5819,841.2559,863.9663072393299,842.0657877285694,859.1479
2013-12-17 08:10:00+01:00,929.1893,728.2444,956.5064,888.7390927932296,883.5590176328417,937.5087
2013-12-17 08:20:00+01:00,1197.8625,929.1893,1218.9791,1027.2522447759607,1076.1843347613867,1129.8066
2013-12-17 08:30:00+01:00,1237.7401,1197.8625,1382.5034,1249.327381108379,1452.0280099815088,1355.4142
2013-12-17 08:40:00+01:00,1657.8984,1237.7401,1705.9255,1365.9898344318622,1540.2242180618407,1494.1006
2013-12-17 08:50:00+01:00,1860.2917,1657.8984,1912.6587,1679.677306067233,1903.1601217510606,1837.7177
2013-12-17 09:00:00+01:00,2083.8604,1860.2917,2249.3953,1906.8586796219813,2089.6749344873097,2003.4543
2013-12-17 09:10:00+01:00,2054.5942,2083.8604,2400.3564,2142.703945286693,2281.3571813695867,2230.9744
2013-12-17 09:20:00+01:00,2340.4487,2054.5942,2539.64,2191.4735080911796,2314.958032366227,2281.3875
2013-12-17 09:30:00+01:00,2494.3694,2340.4487,2770.318,2385.454311459376,2444.5195340340574,2428.6487
2013-12-17 09:40:00+01:00,2697.0933,2494.3694,3009.7021,2531.9291580265512,2535.597584258293,2512.918
2013-12-17 09:50:00+01:00,2653.805,2697.0933,2820.3381,2717.9096216330095,2739.6215947527344,2710.583
2013-12-17 10:00:00+01:00,2913.4268,2653.805,3073.12,2740.4696626573714,2745.820949013994,2742.1538
2013-12-17 10:10:00+01:00,2943.049,2913.4268,3108.1572,2908.119493316532,2846.9898575905563,2878.2356
2013-12-17 10:20:00+01:00,2912.6917,2943.049,2928.0942,2966.4866847958565,2986.542764307444,2971.6123
2013-12-17 10:30:00+01:00,2882.7917,2912.6917,3088.049,2974.1481097325864,2951.278078484835,3040.3328
2013-12-17 10:40:00+01:00,2897.9875,2882.7917,3266.7996,2942.122414058247,2995.3095787231173,2990.6072
2013-12-17 10:50:00+01:00,3178.6436,2897.9875,3105.3557,2933.8076956485615,2984.5357161056563,3028.7063
2013-12-17 11:00:00+01:00,2957.539,3178.6436,3462.975,3107.743496136541,2985.240337787045,3147.4458
2013-12-17 11:10:00+01:00,3091.1826,2957.539,3348.6824,3027.8389827667493,3079.693113579448,3077.2632
2013-12-17 11:20:00+01:00,2935.6855,3091.1826,3118.5852,3098.094606152771,3084.2159078178806,3094.2832
2013-12-17 11:30:00+01:00,3038.8826,2935.6855,3280.4573,3002.194482990689,3073.062961579277,3071.464
2013-12-17 11:40:00+01:00,3033.9995,3038.8826,3413.7861,3052.698050184016,3115.8835649916,3064.5425
2013-12-17 11:50:00+01:00,3046.005,3033.9995,3309.9812,3056.818282119687,3146.9072281859662,3082.6125
2013-12-17 12:00:00+01:00,3170.3352,3046.005,3290.3904,3080.029499870266,3184.2580393928693,3096.0588
2013-12-17 12:10:00+01:00,3287.0544,3170.3352,3776.5876,3165.2130130035443,3184.2053646118006,3190.8306
2013-12-17 12:20:00+01:00,3273.398,3287.0544,3575.1233,3271.8451621251006,3240.226001742213,3279.6792
2013-12-17 12:30:00+01:00,3428.1892,3273.398,3868.0183,3306.0205043563683,3431.8470316935204,3364.3098
2013-12-17 12:40:00+01:00,3300.2437,3428.1892,3637.4714,3416.285106649566,3581.472671431589,3460.198
2013-12-17 12:50:00+01:00,3524.2598,3300.2437,3817.0593,3365.194332924584,3541.5413548843558,3458.4226
2013-12-17 13:00:00+01:00,3532.397,3524.2598,4082.4954,3495.079715308072,3655.0217987734336,3545.537
2013-12-17 13:10:00+01:00,3420.4385,3532.397,3859.2788,3528.350716440981,3590.359668973959,3565.8599
2013-12-17 13:20:00+01:00,3283.0588,3420.4385,3974.8708,3478.5527299952228,3506.2100062302447,3531.758
2013-12-17 13:30:00+01:00,3427.2717,3283.0588,3688.9468,3357.6018783772415,3431.0575438671276,3421.1643
2013-12-17 13:40:00+01:00,3333.6228,3427.2717,3805.7961,3395.268584237936,3445.3647046670267,3402.677
2013-12-17 13:50:00+01:00,3423.7214,3333.6228,3894.6755,3339.9666737657794,3388.8243654086573,3400.7798
2013-12-17 14:00:00+01:00,3479.524,3423.7214,3811.0085,3384.204880227181,3482.1307568618363,3367.7354
2013-12-17 14:10:00+01:00,3253.9463,3479.524,3629.133,3418.7024996477367,3377.078191023064,3373.1167
2013-12-17 14:20:00+01:00,3157.2212,3253.9463,3697.1533,3289.580009338112,3289.4643951983194,3333.3928
2013-12-17 14:30:00+01:00,3336.7227,3157.2212,3382.6753,3177.6173668532874,3173.881927993198,3213.724
2013-12-17 14:40:00+01:00,3390.9922,3336.7227,3475.0176,3238.218850798855,3164.886671158454,3225.0122
2013-12-17 14:50:00+01:00,3404.9238,3390.9922,3332.1655,3298.4506485549073,3205.1170667058736,3307.8118
2013-12-17 15:00:00+01:00,3288.246,3404.9238,3371.7673,3341.4617327860087,3210.944088558458,3287.0542
2013-12-17 15:10:00+01:00,3316.8,3288.246,3388.5876,3278.6064773471426,3235.749574888583,3238.637
2013-12-17 15:20:00+01:00,3067.6777,3316.8,3393.7192,3276.4502839571655,3273.457729760073,3282.527
2013-12-17 15:30:00+01:00,3504.3923,3067.6777,3186.8455,3114.383306880927,3154.2793360292785,3201.0986
2013-12-17 15:40:00+01:00,3546.8486,3504.3923,3201.1042,3348.087291788215,3209.084005045005,3280.6936
2013-12-17 15:50:00+01:00,3474.9421,3546.8486,3245.4646,3448.4516508840707,3241.9609473470587,3362.4636
2013-12-17 16:00:00+01:00,3474.5674,3474.9421,3246.5747,3472.526989100762,3267.5921321130486,3360.4795
2013-12-17 16:10:00+01:00,3764.5303,3474.5674,3324.0134,3467.1907776226817,3314.904257447994,3360.904
2013-12-17 16:20:00+01:00,3574.871,3764.5303,3021.1975,3647.882824584496,3350.8941031338113,3460.9028
2013-12-17 16:30:00+01:00,3395.2378,3574.871,3019.6475,3593.404189777171,3393.8906710769743,3432.373
2013-12-17 16:40:00+01:00,3378.8628,3395.2378,3190.8296,3472.0872548485195,3284.813919208191,3360.4502
2013-12-17 16:50:00+01:00,3221.695,3378.8628,3021.987,3395.445847972376,3288.2484572153003,3283.8738
2013-12-17 17:00:00+01:00,3290.868,3221.695,3179.283,3263.7040399544358,3251.634813319977,3213.0261
2013-12-17 17:10:00+01:00,3329.6926,3290.868,2976.75,3262.9979419218835,3265.8634256220457,3195.735
2013-12-17 17:20:00+01:00,3222.8572,3329.6926,3187.8835,3273.551814870375,3156.33482408697,3145.9226
2013-12-17 17:30:00+01:00,3108.7495,3222.8572,2789.059,3210.288770857169,3129.821101545125,3098.7188
2013-12-17 17:40:00+01:00,2915.6516,3108.7495,3138.1567,3104.775240167882,3060.798702284454,3038.7498
2013-12-17 17:50:00+01:00,2874.3008,2915.6516,2807.501,2928.323123996996,2858.583659234422,2892.6711
2013-12-17 18:00:00+01:00,2772.0293,2874.3008,2642.5994,2830.354644363597,2772.6938852369913,2818.8203
2013-12-17 18:10:00+01:00,2927.0054,2772.0293,2803.002,2718.0764961674827,2653.995663615816,2728.343
2013-12-17 18:20:00+01:00,2516.4592,2927.0054,2459.8787,2776.8491982508167,2629.0595688268613,2710.4465
2013-12-17 18:30:00+01:00,2449.7654,2516.4592,2346.2656,2525.5868351645745,2455.1460722658658,2503.3584
2013-12-17 18:40:00+01:00,2397.9626,2449.7654,2350.6692,2402.500644986573,2341.17225866645,2415.3713
2013-12-17 18:50:00+01:00,2353.1257,2397.9626,2046.2083,2298.277169461114,2234.185723817541,2267.5374
2013-12-17 19:00:00+01:00,2134.7422,2353.1257,1970.6299,2247.3679208096037,2158.6997223071185,2200.6167
2013-12-17 19:10:00+01:00,2112.6353,2134.7422,2018.0936,2091.8519286275864,2036.20538484414,2090.0012
2013-12-17 19:20:00+01:00,1947.939,2112.6353,1925.8717,2026.9368562796535,1996.5375040735908,1997.1642
2013-12-17 19:30:00+01:00,1829.2688,1947.939,1726.6337,1895.6442235221193,1855.2141565517968,1859.1268
2013-12-17 19:40:00+01:00,1907.5634,1829.2688,1777.6981,1788.4847580111139,1737.7124579358917,1793.8824
2013-12-17 19:50:00+01:00,1698.4341,1907.5634,1543.2424,1801.5314472393889,1766.4720628878222,1759.7023
2013-12-17 20:00:00+01:00,1633.7745,1698.4341,1498.7781,1681.3563165522144,1658.207219232489,1623.5858
2013-12-17 20:10:00+01:00,1544.1361,1633.7745,1489.235,1614.3302997133821,1558.313061834606,1593.3773
2013-12-17 20:20:00+01:00,1431.9978,1544.1361,1361.1583,1527.6949213633739,1453.753721886962,1490.4263
2013-12-17 20:30:00+01:00,1385.2742,1431.9978,1210.2972,1438.1871694751162,1341.7246351179083,1398.7021
2013-12-17 20:40:00+01:00,1527.5688,1385.2742,1291.0726,1381.1120562344947,1317.372295428884,1356.2162
2013-12-17 20:50:00+01:00,1436.9327,1527.5688,1233.8785,1455.0403139514508,1380.456173773734,1376.2786
2013-12-17 21:00:00+01:00,1300.8354,1436.9327,1094.7842,1428.273257452822,1312.006867662402,1320.1486
2013-12-17 21:10:00+01:00,1182.804,1300.8354,1126.535,1341.9076325629799,1254.410209949943,1270.0474
2013-12-17 21:20:00+01:00,1130.9696,1182.804,1064.3871,1226.1401176893753,1192.8162514694116,1170.8943
2013-12-17 21:30:00+01:00,1155.9694,1130.9696,939.28357,1149.311681558908,1128.3921107148362,1108.2903
2013-12-17 21:40:00+01:00,1180.3082,1155.9694,1055.8469,1137.1258121206133,1094.320920316908,1111.4531
2013-12-17 21:50:00+01:00,978.6412,1180.3082,911.88196,1148.7534463140116,1105.9065644723999,1104.0784
2013-12-17 22:00:00+01:00,988.71124,978.6412,977.26953,1024.5867403168695,1004.6731199429499,993.8911
2013-12-17 22:10:00+01:00,1085.068,988.71124,1018.9928,985.3026725545955,971.9775985077584,963.2725
2013-12-17 22:20:00+01:00,1033.1768,1085.068,990.019,1020.7862200309695,1008.6995209876171,972.5671
2013-12-17 22:30:00+01:00,944.34955,1033.1768,940.16595,1007.7383576225653,968.67318065191,970.74896
2013-12-17 22:40:00+01:00,942.0194,944.34955,865.2565,949.9410494078406,921.8257149732699,924.1423
2013-12-17 22:50:00+01:00,967.81134,942.0194,779.14954,922.3768489525896,891.5209579194195,876.4089
2013-12-17 23:00:00+01:00,1005.8289,967.81134,696.9023,929.1520380663767,916.3769531143519,892.9213
2013-12-17 23:10:00+01:00,907.166,1005.8289,730.4628,962.4040830843452,937.1645480770094,924.46796
2013-12-17 23:20:00+01:00,756.8508,907.166,765.42554,916.0163302158799,891.5617946660062,858.8535
2013-12-17 23:30:00+01:00,723.37573,756.8508,663.6351,808.9974266633274,777.9057520406317,772.4746
2013-12-17 23:40:00+01:00,765.8621,723.37573,667.4697,749.2843591544545,729.832198657413,720.3327
2013-12-17 23:50:00+01:00,716.9842,765.8621,690.7701,758.3836567657943,727.6960620944791,705.195
2013-12-18 00:00:00+01:00,661.3385,716.9842,559.17334,740.559530904202,716.7791135884796,684.4948
2013-12-18 00:10:00+01:00,632.7722,661.3385,619.6597,707.0850231373859,643.5815628255375,663.0353
2013-12-18 00:20:00+01:00,580.1305,632.7722,583.0513,677.2604144933234,605.4995567050137,593.67163
2013-12-18 00:30:00+01:00,556.2925,580.1305,533.50867,635.95544736942,579.8294789272106,560.8546
2013-12-18 00:40:00+01:00,602.6932,556.2925,569.07336,609.4330287480668,548.1493837614067,536.33264
2013-12-18 00:50:00+01:00,549.747,602.6932,581.9292,629.3904020368127,576.324434119958,519.39136
2013-12-18 01:00:00+01:00,485.12848,549.747,545.35425,603.0063206762186,527.5543943311949,514.06976
2013-12-18 01:10:00+01:00,531.80493,485.12848,482.79617,553.6936925620594,498.3032747546154,495.91885
2013-12-18 01:20:00+01:00,523.7164,531.80493,525.0744,558.7514607693754,506.42806237437975,475.0544
2013-12-18 01:30:00+01:00,457.69116,523.7164,425.48035,550.4533745439185,492.6428239040887,486.3504
2013-12-18 01:40:00+01:00,520.6367,457.69116,409.66486,505.3272949184623,480.8028838004795,478.29956
2013-12-18 01:50:00+01:00,493.67102,520.6367,425.38522,522.0513021104211,488.16845822893924,454.14227
2013-12-18 02:00:00+01:00,406.31778,493.67102,397.72202,502.3289979125609,476.76800729394677,446.7047
2013-12-18 02:10:00+01:00,450.19852,406.31778,483.91452,439.88336900514815,454.0556274978172,444.41644
2013-12-18 02:20:00+01:00,436.3538,450.19852,429.68826,437.19380134189566,428.8909325985647,402.99704
2013-12-18 02:30:00+01:00,380.04153,436.3538,337.49707,420.15071114381874,419.52960200550626,393.54227
2013-12-18 02:40:00+01:00,439.22012,380.04153,400.18402,380.46466207159335,395.6609506878362,416.94183
2013-12-18 02:50:00+01:00,414.0453,439.22012,391.16016,399.39578945751447,414.63888079999674,385.9866
2013-12-18 03:00:00+01:00,377.93063,414.0453,326.25812,386.3309750012195,398.96653984337047,367.50296
2013-12-18 03:10:00+01:00,423.2731,377.93063,381.71393,363.27055817457233,392.908164162382,407.01706
2013-12-18 03:20:00+01:00,431.6105,423.2731,375.24277,380.8244565514572,412.628476922437,377.3278
2013-12-18 03:30:00+01:00,381.568,431.6105,319.0267,392.7092763179935,397.4767783843251,376.4941
2013-12-18 03:40:00+01:00,433.5383,381.568,391.66833,370.0309576644955,393.76415217952865,408.7168
2013-12-18 03:50:00+01:00,402.70056,433.5383,376.21207,395.62187243149856,414.86162987503053,392.51715
2013-12-18 04:00:00+01:00,372.7359,402.70056,308.36282,384.0147802969918,392.7746392594697,366.52844
2013-12-18 04:10:00+01:00,415.75565,372.7359,372.93994,367.07596534454115,388.2527737662853,403.61383
2013-12-18 04:20:00+01:00,406.3473,415.75565,383.0605,386.38456376805243,407.02344029651005,385.42163
2013-12-18 04:30:00+01:00,371.60526,406.3473,297.95532,387.92059524111664,391.8549252827304,371.61588
2013-12-18 04:40:00+01:00,420.7162,371.60526,356.9537,369.8523442981388,385.1236654127221,400.04025
2013-12-18 04:50:00+01:00,392.8665,420.7162,364.51663,392.477524159258,411.4911574391885,394.36313
2013-12-18 05:00:00+01:00,370.8636,392.8665,312.10104,380.69003187029,380.201965240333,371.89496
2013-12-18 05:10:00+01:00,419.274,370.8636,384.06335,365.3221075858912,390.6740047064629,401.80435
2013-12-18 05:20:00+01:00,399.49872,419.274,381.5939,386.48629086594156,412.78633546750876,400.0706
2013-12-18 05:30:00+01:00,368.65482,399.49872,343.93573,380.53890526516716,394.74101862047934,384.0755
2013-12-18 05:40:00+01:00,424.9937,368.65482,395.71906,361.54917414953,388.9784606560352,402.6132
2013-12-18 05:50:00+01:00,428.42404,424.9937,398.45816,388.37272796747527,415.561260989072,409.00647
2013-12-18 06:00:00+01:00,389.51395,428.42404,354.03494,400.8173774996486,400.04469284162883,404.05005
2013-12-18 06:10:00+01:00,434.3549,389.51395,395.13437,387.00128232926147,403.391838890823,417.80774
2013-12-18 06:20:00+01:00,427.3218,434.3549,396.44852,412.9104410514135,421.47722449071676,427.87402
2013-12-18 06:30:00+01:00,394.56573,427.3218,364.00824,421.4297053893738,411.03929078405224,414.1064
2013-12-18 06:40:00+01:00,496.37943,394.56573,452.62628,414.78115947288256,421.92080234484297,425.07864
2013-12-18 06:50:00+01:00,473.81973,496.37943,492.35718,484.4757664321693,481.33151468181484,475.66986
2013-12-18 07:00:00+01:00,486.70123,473.81973,463.61295,503.6523111204044,516.6406792834165,463.13196
2013-12-18 07:10:00+01:00,599.9542,486.70123,555.06165,536.3411255099602,554.0738921688372,508.75638
2013-12-18 07:20:00+01:00,525.7067,599.9542,565.39594,627.137041322129,621.592009658243,584.7631
2013-12-18 07:30:00+01:00,586.37915,525.7067,533.3813,625.5859188763848,598.4474531702605,570.01575
2013-12-18 07:40:00+01:00,784.0884,586.37915,777.6621,681.1367063100581,735.021711776236,657.59644
2013-12-18 07:50:00+01:00,714.16705,784.0884,904.48895,830.6161376821808,818.3016245448902,798.4542
2013-12-18 08:00:00+01:00,779.42487,714.16705,812.20245,854.875492145142,850.0342961897885,821.108
2013-12-18 08:10:00+01:00,981.38135,779.42487,1016.8387,920.9646912801011,883.8316332578593,959.7637
2013-12-18 08:20:00+01:00,1149.291,981.38135,1204.3872,1068.8847382661772,1114.5468702344276,1140.5472
2013-12-18 08:30:00+01:00,1348.9604,1149.291,1464.5022,1239.1519619530334,1399.0032298730832,1330.0515
2013-12-18 08:40:00+01:00,1568.0529,1348.9604,1682.7236,1435.6492102387786,1618.1685204375904,1575.8118
2013-12-18 08:50:00+01:00,1768.0126,1568.0529,2065.8184,1643.8177347664205,1856.6877193481341,1805.9661
2013-12-18 09:00:00+01:00,2023.6375,1768.0126,2095.539,1844.3886165281494,2016.7781781824453,1991.3544
2013-12-18 09:10:00+01:00,2272.9026,2023.6375,2579.7139,2075.2534057461953,2220.465327127682,2190.7256
2013-12-18 09:20:00+01:00,2444.1504,2272.9026,2469.0525,2308.9697257381085,2407.0839284321196,2374.8098
2013-12-18 09:30:00+01:00,2440.6448,2444.1504,2808.0854,2495.634218427498,2595.711020215333,2519.6917
2013-12-18 09:40:00+01:00,2575.3638,2440.6448,2834.619,2550.3328121337236,2590.385524478759,2574.3176
2013-12-18 09:50:00+01:00,2680.1409,2575.3638,2883.2156,2643.506252702258,2633.4989937434107,2663.4626
2013-12-18 10:00:00+01:00,2715.6216,2680.1409,3156.2393,2726.0789053905846,2762.0603501153746,2729.383
2013-12-18 10:10:00+01:00,2921.397,2715.6216,3191.8455,2774.893976244499,2871.1853746806273,2811.4402
2013-12-18 10:20:00+01:00,2777.683,2921.397,3008.322,2914.2802678590306,2909.2725217905004,2921.615
2013-12-18 10:30:00+01:00,2773.9453,2777.683,3253.7095,2860.887685434983,2893.0505796494504,2907.274
2013-12-18 10:40:00+01:00,2989.9443,2773.9453,3167.403,2842.108779889868,2907.0683417048986,2944.3347
2013-12-18 10:50:00+01:00,2846.941,2989.9443,3287.441,2953.9758205539097,2960.2917476707707,3000.223
2013-12-18 11:00:00+01:00,2811.032,2846.941,3249.8018,2904.8761639231825,2935.827742142742,3019.746
2013-12-18 11:10:00+01:00,3279.4287,2811.032,3271.0713,2873.8502045538235,3014.5909861996643,2966.3315
2013-12-18 11:20:00+01:00,3163.4817,3279.4287,3329.848,3146.969488385689,3053.5056747292424,3073.961
2013-12-18 11:30:00+01:00,3015.9001,3163.4817,3005.5173,3173.8410765166172,3078.4506731533797,3164.7124
2013-12-18 11:40:00+01:00,3284.274,3015.9001,3142.5615,3114.16886727127,3141.2690012945777,3097.0183
2013-12-18 11:50:00+01:00,3299.7688,3284.274,3158.8928,3242.0419188842816,3130.109045900102,3169.7192
2013-12-18 12:00:00+01:00,2981.039,3299.7688,3256.498,3297.2698528863857,3230.2011924795893,3274.3828
2013-12-18 12:10:00+01:00,3214.531,2981.039,3270.32,3133.644293637425,3204.6947558744523,3202.7466
2013-12-18 12:20:00+01:00,3171.6145,3214.531,3288.2727,3216.634390138614,3226.4389763213962,3224.5413
2013-12-18 12:30:00+01:00,3339.469,3171.6145,3452.629,3203.2026058706115,3285.8852519788225,3311.2373
2013-12-18 12:40:00+01:00,3410.105,3339.469,4244.994,3329.7190596816054,3471.851690601542,3440.133
2013-12-18 12:50:00+01:00,3605.2385,3410.105,4260.2275,3404.883568097582,3642.5960326715613,3464.6833
2013-12-18 13:00:00+01:00,3426.0024,3605.2385,3750.6907,3562.1144291356927,3654.865844778076,3545.28
2013-12-18 13:10:00+01:00,3416.0273,3426.0024,3767.8079,3493.652855430028,3589.057288335656,3551.0798
2013-12-18 13:20:00+01:00,3399.9404,3416.0273,3813.6316,3463.713603506752,3499.5030874774534,3489.441
2013-12-18 13:30:00+01:00,3227.8,3399.9404,3723.6978,3419.8162297163685,3549.7972623654314,3459.6477
2013-12-18 13:40:00+01:00,3338.311,3227.8,3712.067,3294.752853716367,3389.607345408019,3410.4878
2013-12-18 13:50:00+01:00,3355.9119,3338.311,3390.4854,3314.5205106127296,3412.994168802437,3363.5625
2013-12-18 14:00:00+01:00,3166.157,3355.9119,3612.8962,3318.6573983803028,3364.2823921430972,3337.6887
2013-12-18 14:10:00+01:00,3369.87,3166.157,3613.8252,3205.180519603746,3204.187009027518,3290.308
2013-12-18 14:20:00+01:00,3113.4395,3369.87,3753.6797,3286.8969820310467,3273.8567702948153,3258.5435
2013-12-18 14:30:00+01:00,3275.354,3113.4395,3554.43,3137.982883414896,3141.2774983137892,3181.5862
2013-12-18 14:40:00+01:00,3055.2415,3275.354,3301.1077,3204.8677199182584,3227.527871526734,3212.4229
2013-12-18 14:50:00+01:00,2968.3508,3055.2415,3585.7346,3065.864147835885,3088.9136249362323,3146.5403
2013-12-18 15:00:00+01:00,2976.4424,2968.3508,3514.8887,2981.031529678954,3093.6234943753407,3027.5825
2013-12-18 15:10:00+01:00,2978.9148,2976.4424,3426.4248,2941.4912931267017,3072.0043135471637,3075.2764
2013-12-18 15:20:00+01:00,2843.1064,2978.9148,3320.781,2937.922386090254,3040.0810450166773,3008.2456
2013-12-18 15:30:00+01:00,2873.2676,2843.1064,3710.0725,2857.9250182234728,2973.8842087512635,2983.018
2013-12-18 15:40:00+01:00,3034.583,2873.2676,3245.2974,2853.5697615960253,3000.0122064241705,2946.2266
2013-12-18 15:50:00+01:00,2952.284,3034.583,3554.6401,2953.3593525340557,2986.8443563210517,3021.496
2013-12-18 16:00:00+01:00,2992.3245,2952.284,3284.458,2946.8796301185303,3029.505938685466,3004.4707
2013-12-18 16:10:00+01:00,3030.435,2992.3245,3351.186,2979.7506852597307,3069.7661251023087,3021.1628
2013-12-18 16:20:00+01:00,2983.1575,3030.435,3570.2236,3007.030474797412,3060.928642077104,3024.8115
2013-12-18 16:30:00+01:00,2836.9736,2983.1575,3497.1387,2992.4632755663797,3005.5131467484325,3011.724
2013-12-18 16:40:00+01:00,2978.4668,2836.9736,3293.5796,2893.0307956486395,2959.6766484904524,2947.7314
2013-12-18 16:50:00+01:00,3022.2869,2978.4668,3403.468,2942.4005741325623,2956.30481104451,2937.6772
2013-12-18 17:00:00+01:00,2991.5867,3022.2869,3537.1838,2978.481233137005,2930.1413000463804,2955.538
2013-12-18 17:10:00+01:00,2801.4204,2991.5867,3291.1863,2978.1819290830604,2993.141588686651,2942.4329
2013-12-18 17:20:00+01:00,2843.474,2801.4204,3294.8696,2844.8641498730476,2866.4340779437157,2850.5122
2013-12-18 17:30:00+01:00,2739.062,2843.474,3221.8635,2813.3958151290312,2795.6209497148297,2807.7678
2013-12-18 17:40:00+01:00,2828.4387,2739.062,3089.9517,2718.8545676073336,2718.1634791138335,2759.3381
2013-12-18 17:50:00+01:00,2639.4653,2828.4387,2833.1003,2743.624973990364,2752.6726402758927,2742.882
2013-12-18 18:00:00+01:00,2697.9636,2639.4653,2840.237,2615.329750960958,2594.6443985906253,2635.59
2013-12-18 18:10:00+01:00,2509.2979,2697.9636,2752.0376,2607.922398579721,2604.4459024674265,2592.5195
2013-12-18 18:20:00+01:00,2373.9258,2509.2979,2414.8875,2464.3962794739336,2370.948762439489,2481.0864
2013-12-18 18:30:00+01:00,2274.869,2373.9258,2488.2773,2332.4315779899352,2278.4787251230273,2359.3352
2013-12-18 18:40:00+01:00,2122.9448,2274.869,2273.6748,2207.3565975505117,2209.158015628908,2248.2239
2013-12-18 18:50:00+01:00,2104.6555,2122.9448,2159.595,2065.914868665346,2073.592495568317,2112.6846
2013-12-18 19:00:00+01:00,1954.2174,2104.6555,2318.6895,2005.6239581595107,2038.9855045172483,2044.1066
2013-12-18 19:10:00+01:00,1900.6039,1954.2174,1939.919,1887.0364505661232,1837.308312412193,1922.2982
2013-12-18 19:20:00+01:00,1830.8048,1900.6039,1945.4905,1820.3501662706378,1809.0968536554583,1847.9315
2013-12-18 19:30:00+01:00,1645.0162,1830.8048,1910.2908,1751.1018058844754,1750.8638949709734,1767.0309
2013-12-18 19:40:00+01:00,1657.5729,1645.0162,1762.2177,1618.2098267506112,1602.6199232565045,1649.8717
2013-12-18 19:50:00+01:00,1499.5961,1657.5729,1644.4066,1585.961615745446,1547.4861719329344,1604.2621
2013-12-18 20:00:00+01:00,1415.3048,1499.5961,1674.3566,1475.4990895569147,1449.0981424852666,1489.2269
2013-12-18 20:10:00+01:00,1484.5228,1415.3048,1552.7039,1399.1273095575277,1384.9441778727116,1425.4974
2013-12-18 20:20:00+01:00,1344.5981,1484.5228,1487.666,1416.0107816905163,1402.6483328757,1402.5792
2013-12-18 20:30:00+01:00,1296.4247,1344.5981,1455.7689,1341.6484694041576,1344.3873378283674,1319.9324
2013-12-18 20:40:00+01:00,1235.2767,1296.4247,1289.6372,1297.0809683414252,1304.7495857395309,1291.5627
2013-12-18 20:50:00+01:00,1203.8081,1235.2767,1262.0618,1237.0776391734846,1213.6140481012608,1217.8822
2013-12-18 21:00:00+01:00,1060.9435,1203.8081,1341.0243,1202.5998755020032,1177.5903520958955,1180.9246
2013-12-18 21:10:00+01:00,1170.2113,1060.9435,1188.1857,1099.849862584799,1054.2442823110844,1112.239
2013-12-18 21:20:00+01:00,993.6036,1170.2113,1358.6355,1135.2361223284502,1114.7142985773196,1106.7201
2013-12-18 21:30:00+01:00,968.93866,993.6036,1139.7737,1028.363121330492,1022.2433072557031,1014.1959
2013-12-18 21:40:00+01:00,1047.5736,968.93866,1067.8315,984.7128284186655,984.1219330112399,997.6695
2013-12-18 21:50:00+01:00,1083.4265,1047.5736,1082.353,1004.5054851857337,971.653529054829,968.5634
2013-12-18 22:00:00+01:00,916.08826,1083.4265,923.44904,1038.158066156238,1025.0246748475136,994.88196
2013-12-18 22:10:00+01:00,1061.1027,916.08826,953.31415,945.0032500745541,942.5145804571798,950.98376
2013-12-18 22:20:00+01:00,863.02856,1061.1027,826.1804,1001.4475152538778,979.23175486484,943.98236
2013-12-18 22:30:00+01:00,815.0375,863.02856,816.24963,883.7276561439613,856.2657470647293,865.0499
2013-12-18 22:40:00+01:00,800.18884,815.0375,835.46796,825.458159358137,819.605749302067,869.84
2013-12-18 22:50:00+01:00,839.25116,800.18884,768.98474,780.8377385439593,798.3458200546632,763.7681
2013-12-18 23:00:00+01:00,747.428,839.25116,798.6192,798.3227842549283,815.7265186271793,778.4622
2013-12-18 23:10:00+01:00,753.55945,747.428,701.03394,749.8897961431985,761.9070398607372,773.5828
2013-12-18 23:20:00+01:00,731.6779,753.55945,829.9903,743.196659785556,740.2459913312404,702.14746
2013-12-18 23:30:00+01:00,626.659,731.6779,696.2265,725.548744057897,699.7494648780055,676.38226
2013-12-18 23:40:00+01:00,700.3663,626.659,726.57916,661.624166889552,652.0582740029163,676.764
2013-12-18 23:50:00+01:00,573.64374,700.3663,682.36914,690.6108830095072,672.3006020895101,641.2974
2013-12-19 00:00:00+01:00,551.97705,573.64374,611.50256,621.0488119119705,585.6185161215286,565.1198
2013-12-19 00:10:00+01:00,509.2812,551.97705,611.83923,595.783768265442,553.4595822026449,589.1253
2013-12-19 00:20:00+01:00,505.8967,509.2812,602.8374,554.8076778678994,504.59491993493526,489.89365
2013-12-19 00:30:00+01:00,428.34677,505.8967,572.9258,546.0220276044512,498.795467836259,482.54398
2013-12-19 00:40:00+01:00,451.18958,428.34677,589.8599,494.3256255587348,466.50801806507087,475.2365
2013-12-19 00:50:00+01:00,433.8096,451.18958,515.56824,493.3026093027743,444.673204246221,425.06937
2013-12-19 01:00:00+01:00,382.50232,433.8096,454.60318,477.72138325967853,426.7344360496196,405.66113
2013-12-19 01:10:00+01:00,425.52,382.50232,542.1632,441.88488041958465,402.49860254445326,428.1542
2013-12-19 01:20:00+01:00,422.1245,425.52,431.64197,451.92781029524866,418.3037534119051,397.57782
2013-12-19 01:30:00+01:00,365.89777,422.1245,422.7875,447.4198032737545,404.77044712778684,383.9575
2013-12-19 01:40:00+01:00,390.98126,365.89777,467.1225,409.10865952436086,391.1247271634899,407.90692
2013-12-19 01:50:00+01:00,364.15405,390.98126,413.82062,404.3358035211935,401.5657384850073,371.8985
2013-12-19 02:00:00+01:00,346.4092,364.15405,414.0229,377.43487374534175,366.5383063886936,342.0343
2013-12-19 02:10:00+01:00,363.6704,346.4092,451.2489,354.80843536816116,378.42566301197564,379.9068
2013-12-19 02:20:00+01:00,336.38782,363.6704,392.54187,350.57507721935275,369.18935560636646,346.92587
2013-12-19 02:30:00+01:00,334.36816,336.38782,402.98483,327.58160057782146,345.7934983663226,318.4864
2013-12-19 02:40:00+01:00,341.22464,334.36816,445.1554,316.2862713968629,349.3738175851872,353.25842
2013-12-19 02:50:00+01:00,362.49945,341.22464,375.6043,312.14077606995573,337.4557604991511,327.96643
2013-12-19 03:00:00+01:00,318.2502,362.49945,386.63605,323.80643875579034,351.8582010724708,328.5384
2013-12-19 03:10:00+01:00,352.77246,318.2502,409.80145,299.3691893232118,338.76515086479,337.56653
2013-12-19 03:20:00+01:00,335.25732,352.77246,375.53616,313.8980977073955,359.8840654098216,337.05045
2013-12-19 03:30:00+01:00,325.40125,335.25732,375.90295,305.7855701139295,334.3553551735531,314.79175
2013-12-19 03:40:00+01:00,332.80957,325.40125,400.9672,301.6665625996137,338.21046968185397,340.95822
2013-12-19 03:50:00+01:00,322.70392,332.80957,361.84726,304.46438802153864,332.273951728144,327.45746
2013-12-19 04:00:00+01:00,294.57678,322.70392,353.20392,301.12154474882004,320.10314970830876,311.91333
2013-12-19 04:10:00+01:00,348.22983,294.57678,390.0122,284.4154434811187,307.6131388513207,318.87662
2013-12-19 04:20:00+01:00,315.64874,348.22983,358.34814,313.45839212408345,327.60835141110357,332.11685
2013-12-19 04:30:00+01:00,298.32684,315.64874,364.88416,302.72653608162216,319.1680077299097,309.74753
2013-12-19 04:40:00+01:00,366.72327,298.32684,372.5951,291.91060374851304,318.7856727138157,323.3052
2013-12-19 04:50:00+01:00,309.5078,366.72327,348.94357,327.83937453900637,332.5925512856029,339.42773
2013-12-19 05:00:00+01:00,294.11905,309.5078,354.05392,303.6806769787952,319.56922628608095,314.1077
2013-12-19 05:10:00+01:00,335.91272,294.11905,378.588,288.34543739397577,324.9841053229723,328.06815
2013-12-19 05:20:00+01:00,328.00903,335.91272,375.91113,303.07189321087066,316.14281265469987,322.29495
2013-12-19 05:30:00+01:00,307.71188,328.00903,348.8511,304.0195872481737,320.26469708041543,322.39172
2013-12-19 05:40:00+01:00,398.04947,307.71188,388.7876,293.55860199864435,319.6162646800974,332.29767
2013-12-19 05:50:00+01:00,327.98383,398.04947,389.31107,345.9051523802599,364.04984354366354,359.66818
2013-12-19 06:00:00+01:00,329.04965,327.98383,365.49173,320.18063627057813,331.9937609627649,325.75003
2013-12-19 06:10:00+01:00,384.1742,329.04965,414.06403,319.72544329846244,359.59391694144017,353.73123
2013-12-19 06:20:00+01:00,277.47937,384.1742,364.88428,351.97542074546413,356.00751634746763,366.30905
2013-12-19 06:30:00+01:00,274.72568,277.47937,365.6472,303.95066190748446,310.24644033000436,318.86963
2013-12-19 06:40:00+01:00,325.9572,274.72568,427.11465,295.51759039924434,336.0596225966868,335.42075
2013-12-19 06:50:00+01:00,334.89874,325.9572,401.78748,327.16126167832886,331.4823061611316,345.36563
2013-12-19 07:00:00+01:00,386.31302,334.89874,461.42535,358.8893894842232,359.3356297029347,359.7988
2013-12-19 07:10:00+01:00,424.3793,386.31302,629.75574,416.93703985767615,407.74348030813394,412.6959
2013-12-19 07:20:00+01:00,477.29263,424.3793,476.47272,472.0884424837169,435.88944011313407,449.21063
2013-12-19 07:30:00+01:00,715.128,477.29263,553.3329,539.847332070862,502.7310723041583,509.08444
2013-12-19 07:40:00+01:00,884.72595,715.128,690.8904,727.6919690679105,705.4163362522949,685.7613
2013-12-19 07:50:00+01:00,785.541,884.72595,723.0951,914.3706086716197,941.8987374056402,825.3369
2013-12-19 08:00:00+01:00,678.97546,785.541,790.5578,935.5473777330097,899.717216247425,851.2529
2013-12-19 08:10:00+01:00,819.58746,678.97546,965.3026,881.6962754669512,870.9867897394871,906.39185
2013-12-19 08:20:00+01:00,879.0157,819.58746,1147.6617,948.4321244376292,965.1663292331498,1057.9822
2013-12-19 08:30:00+01:00,1063.2784,879.0157,1346.1465,1014.328378977368,1025.5776585624085,1150.8635
2013-12-19 08:40:00+01:00,1343.3224,1063.2784,1696.7517,1169.1638965779953,1335.633267681828,1329.0807
2013-12-19 08:50:00+01:00,1527.7472,1343.3224,2050.4802,1399.4101725517664,1593.4668370970453,1545.392
2013-12-19 09:00:00+01:00,1859.0157,1527.7472,2252.875,1601.6773800528808,1824.3344239225912,1723.4951
2013-12-19 09:10:00+01:00,1937.3192,1859.0157,2388.3262,1884.9703171946771,2060.717073554134,2001.2759
2013-12-19 09:20:00+01:00,2040.3126,1937.3192,2244.7144,2024.2300589672773,2195.747783814924,2115.6887
2013-12-19 09:30:00+01:00,2293.7754,2040.3126,2694.9998,2138.474854357384,2286.040695386534,2238.5527
2013-12-19 09:40:00+01:00,2391.542,2293.7754,2891.175,2321.112014858733,2417.5505311198117,2385.632
2013-12-19 09:50:00+01:00,2310.9873,2391.542,2669.509,2439.41377044023,2481.743789957933,2465.9927
2013-12-19 10:00:00+01:00,2419.8958,2310.9873,3044.6384,2426.9971818975196,2495.4237095936955,2510.7927
2013-12-19 10:10:00+01:00,2641.6396,2419.8958,2881.6553,2476.8678880271423,2611.426132524486,2567.8313
2013-12-19 10:20:00+01:00,2614.3936,2641.6396,2858.5322,2619.8384787444784,2657.209132550549,2653.3147
2013-12-19 10:30:00+01:00,2709.894,2614.3936,3054.1497,2653.5504905948756,2691.416812780924,2732.0857
2013-12-19 10:40:00+01:00,2891.0874,2709.894,3245.2676,2726.1330419728674,2833.440114833109,2820.208
2013-12-19 10:50:00+01:00,2683.944,2891.0874,3211.1035,2852.233660380067,2896.4932059560456,2883.9773
2013-12-19 11:00:00+01:00,2721.842,2683.944,3167.5942,2766.605840876337,2872.2999323692707,2907.6177
2013-12-19 11:10:00+01:00,2922.3674,2721.842,3685.8828,2764.14738044485,2914.3771161161653,2906.2732
2013-12-19 11:20:00+01:00,2925.5017,2922.3674,3145.2349,2874.4003299026936,2899.5959971197412,2921.162
2013-12-19 11:30:00+01:00,2795.0598,2925.5017,3320.9858,2926.854055477458,2948.39359170223,3014.306
2013-12-19 11:40:00+01:00,2981.7654,2795.0598,3355.4397,2871.467244958769,2918.262334431945,2956.2827
2013-12-19 11:50:00+01:00,2826.9607,2981.7654,3107.702,2965.632944680595,2987.0301664204976,2946.122
2013-12-19 12:00:00+01:00,2799.4988,2826.9607,3160.2832,2895.8260358114776,2951.2870918994954,2989.0552
2013-12-19 12:10:00+01:00,3123.9639,2799.4988,3265.9905,2870.4003308100555,2992.1189310784525,2966.6147
2013-12-19 12:20:00+01:00,3150.1438,3123.9639,3192.5342,3055.347707805551,2979.940195104625,3056.8481
2013-12-19 12:30:00+01:00,3046.8457,3150.1438,3716.7053,3142.411529328122,3136.214246831711,3148.8596
2013-12-19 12:40:00+01:00,3468.6465,3046.8457,3289.129,3122.1230715268675,3343.76952510436,3177.9773
2013-12-19 12:50:00+01:00,3090.9265,3468.6465,3166.2246,3369.997082381702,3386.3556706214254,3349.521
2013-12-19 13:00:00+01:00,3197.6746,3090.9265,3704.276,3205.4593689161647,3371.108756489022,3282.953
2013-12-19 13:10:00+01:00,3417.0127,3197.6746,3747.4705,3235.7263089954367,3321.006706597393,3356.3286
2013-12-19 13:20:00+01:00,2906.8586,3417.0127,3643.826,3345.200366244119,3410.975159431893,3458.8042
2013-12-19 13:30:00+01:00,3040.736,2906.8586,3588.603,3071.7696989321953,3158.343129373194,3261.3738
2013-12-19 13:40:00+01:00,3329.9263,3040.736,3581.3936,3060.7137881387866,3181.0730490572228,3208.8386
2013-12-19 13:50:00+01:00,3320.116,3329.9263,3650.208,3201.72993447265,3188.545838550303,3241.8523
2013-12-19 14:00:00+01:00,3093.6794,3320.116,3730.5178,3266.0060667242233,3295.620225876876,3288.3271
2013-12-19 14:10:00+01:00,3205.8435,3093.6794,3513.4749,3145.051621198076,3218.3219728421645,3211.897
2013-12-19 14:20:00+01:00,2994.403,3205.8435,3587.7688,3156.6109381095966,3204.4235878566788,3177.318
2013-12-19 14:30:00+01:00,2840.9158,2994.403,3530.8586,3011.497377383811,3103.0631464984726,3142.0198
2013-12-19 14:40:00+01:00,2868.2764,2840.9158,3593.4714,2875.304089036671,3009.8393515926095,3048.4346
2013-12-19 14:50:00+01:00,2783.3262,2868.2764,3327.3928,2829.8468019454644,2971.4516967323348,2925.9297
2013-12-19 15:00:00+01:00,2646.1895,2783.3262,3343.5647,2762.3026176062376,2917.0697170486246,2853.4844
2013-12-19 15:10:00+01:00,2663.997,2646.1895,3391.646,2660.918427722432,2819.0336514726164,2798.585
2013-12-19 15:20:00+01:00,2644.556,2663.997,3200.0273,2635.0062235701557,2707.230738836602,2717.0435
2013-12-19 15:30:00+01:00,2672.2568,2644.556,3090.5044,2614.8361294298975,2712.4481815000217,2724.9502
2013-12-19 15:40:00+01:00,2697.133,2672.2568,3372.3027,2636.700485681021,2791.0131304125734,2772.181
2013-12-19 15:50:00+01:00,2690.9583,2697.133,3388.8025,2663.0524708657413,2853.3743777441396,2775.0918
2013-12-19 16:00:00+01:00,2776.7083,2690.9583,3331.8894,2674.5242049446533,2843.0017391440915,2771.0188
2013-12-19 16:10:00+01:00,2705.3884,2776.7083,3287.2761,2736.663414946932,2835.6193658365323,2832.284
2013-12-19 16:20:00+01:00,2695.6719,2705.3884,3628.3857,2713.530164573116,2838.8583063027577,2805.956
2013-12-19 16:30:00+01:00,2693.8853,2695.6719,3514.6807,2704.2328565357534,2805.5419858445803,2776.16
2013-12-19 16:40:00+01:00,2853.3987,2693.8853,3188.4177,2691.9421393391885,2777.555989971727,2767.8289
2013-12-19 16:50:00+01:00,2749.0474,2853.3987,3206.2322,2789.629879434522,2792.8934261533714,2803.3877
2013-12-19 17:00:00+01:00,3048.158,2749.0474,3375.474,2752.804757153387,2792.1498652005316,2766.6519
2013-12-19 17:10:00+01:00,3068.6235,3048.158,3211.142,2932.6381988577805,2832.646222376183,2858.2036
2013-12-19 17:20:00+01:00,3087.5913,3068.6235,3238.3196,2989.144922111376,2900.9401723183987,2877.2014
2013-12-19 17:30:00+01:00,3060.1067,3087.5913,3205.1152,3030.6520619731177,2863.2699035207015,2872.957
2013-12-19 17:40:00+01:00,2897.219,3060.1067,3120.2217,3006.222244233136,2878.0485052660615,2876.037
2013-12-19 17:50:00+01:00,2815.6306,2897.219,2936.5264,2883.894981990765,2792.2800182785436,2787.7332
2013-12-19 18:00:00+01:00,2529.0251,2815.6306,2766.5771,2777.572106118967,2777.0076305961497,2732.769
2013-12-19 18:10:00+01:00,2245.4712,2529.0251,2604.0144,2542.0935783340256,2590.7638960204545,2576.9006
2013-12-19 18:20:00+01:00,2233.3381,2245.4712,2433.6719,2274.25272858272,2316.1311944318936,2377.847
2013-12-19 18:30:00+01:00,2286.0046,2233.3381,2555.4155,2157.204073631904,2262.1551494626815,2235.5942
2013-12-19 18:40:00+01:00,2205.617,2286.0046,2385.589,2144.8498225354697,2186.089610912026,2159.5144
2013-12-19 18:50:00+01:00,1936.1973,2205.617,2203.5886,2098.199674767333,2151.589612054073,2074.2517
2013-12-19 19:00:00+01:00,1866.63,1936.1973,2159.7373,1911.9841375169376,1965.0679396492576,1921.8315
2013-12-19 19:10:00+01:00,1681.9674,1866.63,2062.6765,1797.9971318094877,1761.9988601957507,1831.0659
2013-12-19 19:20:00+01:00,1652.0215,1681.9674,1893.613,1634.3832734630187,1628.4806469948453,1687.6091
2013-12-19 19:30:00+01:00,1538.9087,1652.0215,1753.394,1571.41204423561,1573.7199499275985,1623.4459
2013-12-19 19:40:00+01:00,1475.5173,1538.9087,1936.6428,1477.6262883594836,1456.917524355901,1521.6074
2013-12-19 19:50:00+01:00,1352.842,1475.5173,2226.2827,1417.9015837073118,1429.5736127900732,1443.2509
2013-12-19 20:00:00+01:00,1158.3793,1352.842,1802.0859,1322.06780594654,1357.6321792814033,1347.0911
2013-12-19 20:10:00+01:00,1261.2252,1158.3793,1656.9246,1173.6631956675408,1253.9348369930613,1222.4932
2013-12-19 20:20:00+01:00,1102.8248,1261.2252,1722.0911,1191.8519420819857,1211.830173504096,1207.1674
2013-12-19 20:30:00+01:00,1114.7931,1102.8248,1700.2056,1099.4948924306555,1121.1384506207867,1112.264
2013-12-19 20:40:00+01:00,1173.9225,1114.7931,1690.7418,1093.4146960571034,1146.698283456894,1108.9617
2013-12-19 20:50:00+01:00,1068.9015,1173.9225,1755.2753,1121.4260260997594,1137.8435155030927,1092.0918
2013-12-19 21:00:00+01:00,939.72955,1068.9015,1609.5397,1074.1240802298307,1076.7989876617028,1050.819
2013-12-19 21:10:00+01:00,1005.5471,939.72955,1541.2902,978.6119158026457,983.3389029956362,999.44824
2013-12-19 21:20:00+01:00,993.1734,1005.5471,1549.9977,980.1238624143454,1019.7480464156698,971.5221
2013-12-19 21:30:00+01:00,919.0538,993.1734,1445.869,970.2834752270242,1018.7057085845678,967.42084
2013-12-19 21:40:00+01:00,906.5617,919.0538,1480.2122,926.1884719404115,970.7467943807853,957.6756
2013-12-19 21:50:00+01:00,883.3217,906.5617,1387.0493,896.9898267652494,963.7826044297832,888.258
2013-12-19 22:00:00+01:00,956.2233,883.3217,1163.2699,866.3934091697064,928.52455896147,860.3049
2013-12-19 22:10:00+01:00,833.2599,956.2233,1282.6283,902.4198672114308,937.2706031225927,917.96716
2013-12-19 22:20:00+01:00,928.9671,833.2599,1168.8207,833.6508114872697,861.0539263787789,843.7099
2013-12-19 22:30:00+01:00,825.7767,928.9671,1316.5188,873.8509894357658,925.7195169588722,857.76086
2013-12-19 22:40:00+01:00,843.0537,825.7767,1245.0737,812.52400925856,860.3674076711355,828.2584
2013-12-19 22:50:00+01:00,873.6688,843.0537,1059.853,812.5085057642364,818.5289765054841,834.5841
2013-12-19 23:00:00+01:00,799.6934,873.6688,1170.3188,824.8893317367056,878.1334070667282,804.4203
2013-12-19 23:10:00+01:00,756.8203,799.6934,1056.9801,789.9444647211393,816.6522005237438,795.00726
2013-12-19 23:20:00+01:00,680.18646,756.8203,1088.7493,754.815414689355,765.3698063343444,765.0213
2013-12-19 23:30:00+01:00,654.8073,680.18646,1055.6084,693.4165215160276,697.0011788031361,680.00916
2013-12-19 23:40:00+01:00,658.9542,654.8073,876.25336,662.1390377230111,682.9115008240111,670.1315
2013-12-19 23:50:00+01:00,670.3719,658.9542,858.83167,657.5767476212823,659.9777708211727,655.75146
2013-12-20 00:00:00+01:00,609.7657,670.3719,799.46356,670.7103190249752,659.679379183471,626.1971
2013-12-20 00:10:00+01:00,572.6031,609.7657,680.0061,642.6824985811509,602.8295792800413,577.0058
2013-12-20 00:20:00+01:00,546.6251,572.6031,709.6009,613.6542036929925,594.487443551015,552.26355
2013-12-20 00:30:00+01:00,445.5345,546.6251,808.2946,586.8071406577812,573.4580024686835,542.14874
2013-12-20 00:40:00+01:00,416.4778,445.5345,763.7378,515.6841031750904,512.9467614215557,517.3578
2013-12-20 00:50:00+01:00,437.19073,416.4778,623.329,473.40235468771203,454.1338402145227,473.78445
2013-12-20 01:00:00+01:00,388.09546,437.19073,565.2172,467.6858285371407,431.0392815572145,447.07584
2013-12-20 01:10:00+01:00,445.26297,388.09546,567.85,435.30417863287875,401.22556450770406,435.84875
2013-12-20 01:20:00+01:00,432.44376,445.26297,526.4194,459.58721787346377,422.6075465063754,435.46652
2013-12-20 01:30:00+01:00,399.51376,432.44376,511.06027,452.45850361985606,421.33030067370544,410.7123
2013-12-20 01:40:00+01:00,385.19983,399.51376,521.1609,428.680829228829,416.3826609149894,435.76544
2013-12-20 01:50:00+01:00,376.388,385.19983,763.11884,402.7137382823001,407.23041687873035,407.9405
2013-12-20 02:00:00+01:00,302.2584,376.388,511.27463,381.4231397056868,388.7510148483025,389.76395
2013-12-20 02:10:00+01:00,334.0398,302.2584,536.55066,321.84939445138775,353.4140161450277,377.97787
2013-12-20 02:20:00+01:00,321.2563,334.0398,493.5455,316.5524370356719,347.2475174774265,355.4657
2013-12-20 02:30:00+01:00,274.6669,321.2563,436.42453,299.0670653041473,329.47562567650385,323.65002
2013-12-20 02:40:00+01:00,295.47778,274.6669,469.09525,264.275491921269,304.6699820455845,330.13113
2013-12-20 02:50:00+01:00,303.47922,295.47778,443.4157,260.9023564705574,298.3886554946412,304.98184
2013-12-20 03:00:00+01:00,269.95355,303.47922,439.27502,261.65071126197483,302.53362184400913,293.24374
2013-12-20 03:10:00+01:00,264.63657,269.95355,437.45016,242.82555906210052,287.22703662936425,313.89185
2013-12-20 03:20:00+01:00,304.62817,264.63657,417.25034,232.60189140438962,283.08207027999634,286.69196
2013-12-20 03:30:00+01:00,258.48502,304.62817,425.89124,253.70528608765346,298.3886554946412,286.9174
2013-12-20 03:40:00+01:00,254.43987,258.48502,416.7361,234.2401211570333,273.0187494263004,296.59332
2013-12-20 03:50:00+01:00,292.40668,254.43987,390.56473,228.73230819359947,261.62117367933354,282.0157
2013-12-20 04:00:00+01:00,244.99835,292.40668,422.24258,249.0750926756059,291.136046097042,271.8886
2013-12-20 04:10:00+01:00,281.62976,244.99835,412.79962,229.3136841140182,253.99188895476684,275.62204
2013-12-20 04:20:00+01:00,310.6495,281.62976,414.70383,249.111180710187,276.4699066492635,291.69943
2013-12-20 04:30:00+01:00,270.8539,310.6495,401.36664,271.583771643859,296.90024106176315,280.37512
2013-12-20 04:40:00+01:00,288.6706,270.8539,405.09634,257.9961257373043,291.9787510275419,287.10193
2013-12-20 04:50:00+01:00,311.6656,288.6706,397.5815,264.1804748630699,298.12580661208995,297.94086
2013-12-20 05:00:00+01:00,340.30853,311.6656,394.987,277.2573605450399,308.4087415612196,290.18704
2013-12-20 05:10:00+01:00,257.40024,340.30853,405.10483,301.6787683277697,320.8295733262944,324.19275
2013-12-20 05:20:00+01:00,263.83505,257.40024,408.2998,256.3755849863817,283.1007641996086,291.1234
2013-12-20 05:30:00+01:00,236.5824,263.83505,397.3356,244.14861053593643,288.73158181828103,279.37466
2013-12-20 05:40:00+01:00,278.82315,236.5824,387.08923,216.97800093169712,251.96773601851515,258.92596
2013-12-20 05:50:00+01:00,284.65662,278.82315,396.80704,238.7747261318466,276.2408918778525,292.23608
2013-12-20 06:00:00+01:00,254.3376,284.65662,410.0318,250.00480279593103,281.0719399259746,288.81238
2013-12-20 06:10:00+01:00,276.81293,254.3376,399.1504,240.41839884175147,271.41737553741456,277.0199
2013-12-20 06:20:00+01:00,281.8144,276.81293,398.33182,254.17990838772585,278.6359022254307,297.84158
2013-12-20 06:30:00+01:00,239.26895,281.8144,416.51047,266.4230930813893,288.80901713406905,307.59265
2013-12-20 06:40:00+01:00,286.4895,239.26895,431.2732,253.37145312008624,260.35777463188305,298.93607
2013-12-20 06:50:00+01:00,352.1236,286.4895,467.59067,287.4042642908107,317.55176410476696,337.13782
2013-12-20 07:00:00+01:00,332.02835,352.1236,536.4737,349.5606079039826,367.78819889859733,383.50507
2013-12-20 07:10:00+01:00,333.04712,332.02835,527.4266,373.99495028097294,375.19251757720934,393.21616
2013-12-20 07:20:00+01:00,385.95535,333.04712,565.58484,396.5278488586905,380.1891114423301,419.31155
2013-12-20 07:30:00+01:00,387.94476,385.95535,583.7432,447.1634369076629,411.0698490800567,468.9935
2013-12-20 07:40:00+01:00,561.61523,387.94476,738.5306,479.5623650730997,484.31481598533696,492.35675
2013-12-20 07:50:00+01:00,627.85767,561.61523,736.614,616.286993666286,605.2315974868158,629.63324
2013-12-20 08:00:00+01:00,701.8379,627.85767,772.816,714.9631968707004,682.0387859216305,700.6496
2013-12-20 08:10:00+01:00,829.52094,701.8379,941.6675,813.9429100747077,823.8282019304519,804.21985
2013-12-20 08:20:00+01:00,994.8754,829.52094,1180.9034,933.1133329132058,950.9246849404514,949.3829
2013-12-20 08:30:00+01:00,1025.4429,994.8754,1349.8344,1086.2284985838403,1158.3421431797976,1125.3278
2013-12-20 08:40:00+01:00,1384.3286,1025.4429,1637.919,1164.752601358109,1275.238019584792,1238.935
2013-12-20 08:50:00+01:00,1571.4777,1384.3286,1893.4052,1424.2907354605265,1621.7158938459395,1554.9655
2013-12-20 09:00:00+01:00,1814.9303,1571.4777,2107.0254,1626.8265717162278,1845.4526744534887,1753.5819
2013-12-20 09:10:00+01:00,2100.2092,1814.9303,2433.9775,1864.3154175146283,2045.298224358604,2012.4042
2013-12-20 09:20:00+01:00,2204.1826,2100.2092,2575.4023,2116.720612004978,2283.772285283059,2254.3298
2013-12-20 09:30:00+01:00,2249.3416,2204.1826,2659.644,2266.826665818112,2436.5028966639893,2373.2427
2013-12-20 09:40:00+01:00,2339.186,2249.3416,3142.161,2342.075305390307,2425.179022385659,2455.3174
2013-12-20 09:50:00+01:00,2431.0935,2339.186,3253.2834,2409.0132848538565,2476.342224872159,2509.0842
2013-12-20 10:00:00+01:00,2359.0098,2431.0935,3359.4065,2479.3371160781444,2574.2747653929023,2550.3555
2013-12-20 10:10:00+01:00,2436.4668,2359.0098,3022.3147,2450.8846803446672,2564.83110106814,2548.5178
2013-12-20 10:20:00+01:00,2569.6575,2436.4668,3082.0562,2482.5941965167126,2597.7002566962715,2587.4602
2013-12-20 10:30:00+01:00,2629.2473,2569.6575,3058.277,2564.3549290954907,2656.1666762117043,2622.0044
2013-12-20 10:40:00+01:00,2746.3516,2629.2473,2916.8823,2631.8432504453676,2700.848393671675,2704.838
2013-12-20 10:50:00+01:00,2668.5208,2746.3516,3021.5366,2728.8143332580967,2804.2436544759335,2816.4521
2013-12-20 11:00:00+01:00,2748.2458,2668.5208,3243.3452,2707.1638474305037,2843.6659245042256,2820.8032
2013-12-20 11:10:00+01:00,2844.245,2748.2458,3167.5996,2752.329522956383,2861.7081428305473,2889.7668
2013-12-20 11:20:00+01:00,2771.4475,2844.245,3047.77,2821.0567079781376,2930.6825788336155,2939.9
2013-12-20 11:30:00+01:00,2981.772,2771.4475,3121.0283,2806.8313554593065,2909.0222166310846,2930.007
2013-12-20 11:40:00+01:00,3096.7256,2981.772,3108.1877,2939.533131912859,2965.0760312030216,2976.9038
2013-12-20 11:50:00+01:00,2980.405,3096.7256,3030.7085,3054.3261983364146,3054.359039850305,3051.1345
2013-12-20 12:00:00+01:00,2922.0237,2980.405,3131.7483,3035.342753914632,3045.7233236029165,3081.6055
2013-12-20 12:10:00+01:00,3167.6196,2922.0237,3090.5813,2989.827974648936,3075.9131549720582,3045.0498
2013-12-20 12:20:00+01:00,3094.6333,3167.6196,3161.2385,3122.2052600798697,3073.559572697328,3140.5312
2013-12-20 12:30:00+01:00,3288.548,3094.6333,3170.4456,3124.439106724598,3188.0269641386185,3189.8076
2013-12-20 12:40:00+01:00,3428.2273,3288.548,3392.6174,3262.3845821287305,3358.7529203397285,3263.587
2013-12-20 12:50:00+01:00,3247.311,3428.2273,3380.4434,3383.754118337506,3497.514115585659,3364.4194
2013-12-20 13:00:00+01:00,3309.42,3247.311,3383.32,3319.037097779924,3451.5522477274626,3372.2954
2013-12-20 13:10:00+01:00,3445.0588,3309.42,3526.3325,3329.6655493318713,3552.4342703559064,3437.6775
2013-12-20 13:20:00+01:00,3121.7588,3445.0588,3477.346,3400.030435210021,3429.957335842207,3496.1477
2013-12-20 13:30:00+01:00,3351.352,3121.7588,3264.6975,3221.934705135872,3272.099599309382,3416.28
2013-12-20 13:40:00+01:00,3261.4304,3351.352,3512.8005,3303.3667152095413,3314.1099245732134,3419.6108
2013-12-20 13:50:00+01:00,3091.6462,3261.4304,3178.9375,3246.3690529163514,3337.116137150131,3355.5828
2013-12-20 14:00:00+01:00,3273.6484,3091.6462,3551.357,3135.7104134613737,3188.415831523238,3283.8628
2013-12-20 14:10:00+01:00,3073.1973,3273.6484,3323.3062,3193.4036441622975,3224.9731462932837,3255.9456
2013-12-20 14:20:00+01:00,3069.32,3073.1973,3122.6624,3076.2093514435974,3158.9696564195488,3143.9824
2013-12-20 14:30:00+01:00,2959.3398,3069.32,3014.8074,3044.7801644544693,3097.187603691598,3143.5837
2013-12-20 14:40:00+01:00,3132.4456,2959.3398,3064.3342,2943.950389619017,3041.524422275597,3051.6052
2013-12-20 14:50:00+01:00,2841.3792,3132.4456,2799.5881,3027.1110739734186,3046.1728399571502,3049.7598
2013-12-20 15:00:00+01:00,2857.4458,2841.3792,3067.5605,2865.598642036116,3012.232658425537,2983.411
2013-12-20 15:10:00+01:00,2897.9282,2857.4458,2877.063,2834.329869648761,2965.972096615376,2907.0723
2013-12-20 15:20:00+01:00,2816.0342,2897.9282,2977.0366,2831.53439856816,2903.559218026331,2897.871
2013-12-20 15:30:00+01:00,2770.7969,2816.0342,2901.4243,2795.4469093846064,2905.919715546014,2871.972
2013-12-20 15:40:00+01:00,3127.0876,2770.7969,3032.021,2759.556642604138,2893.224832944304,2850.312
2013-12-20 15:50:00+01:00,2878.5342,3127.0876,2991.5554,2973.900080011008,2927.4511240006163,2951.52
2013-12-20 16:00:00+01:00,3007.1934,2878.5342,3018.2166,2895.1606701247483,2924.3015270727874,2909.041
2013-12-20 16:10:00+01:00,2896.5752,3007.1934,2935.418,2971.7855811453755,3027.230738532973,2966.935
2013-12-20 16:20:00+01:00,2922.5242,2896.5752,3001.385,2903.067769642099,2917.851290465781,2961.0955
2013-12-20 16:30:00+01:00,2883.4846,2922.5242,2816.8562,2913.1448884367046,2905.9061575574337,2931.0579
2013-12-20 16:40:00+01:00,2909.8333,2883.4846,2856.8743,2880.112777739795,2925.9868810505322,2927.7332
2013-12-20 16:50:00+01:00,2684.6575,2909.8333,2928.029,2888.7504867158023,2856.699344140501,2884.2903
2013-12-20 17:00:00+01:00,2849.299,2684.6575,2820.5566,2740.3686918371723,2830.4450339075875,2775.6472
2013-12-20 17:10:00+01:00,2931.25,2849.299,2787.7175,2790.791068935382,2820.9648274197857,2760.6611
2013-12-20 17:20:00+01:00,2573.3013,2931.25,2708.4194,2841.707302916004,2812.53023801451,2759.7808
2013-12-20 17:30:00+01:00,2515.543,2573.3013,2576.743,2639.1933878237783,2660.0286542111635,2596.714
2013-12-20 17:40:00+01:00,2507.9436,2515.543,2478.6794,2519.0414490860785,2561.2757787440187,2539.601
2013-12-20 17:50:00+01:00,2226.5347,2507.9436,2518.6487,2442.623503479839,2493.337980131776,2451.3784
2013-12-20 18:00:00+01:00,2203.5464,2226.5347,2415.1484,2239.3539193028023,2354.749441330666,2273.2834
2013-12-20 18:10:00+01:00,2082.3489,2203.5464,2369.0005,2147.2010250284147,2291.058270918434,2190.042
2013-12-20 18:20:00+01:00,1719.538,2082.3489,2246.6719,2017.2030617183746,2126.478661202864,2046.7949
2013-12-20 18:30:00+01:00,1901.25,1719.538,2138.8354,1744.6889251007235,1818.8876790662591,1823.358
2013-12-20 18:40:00+01:00,1769.5541,1901.25,2077.5623,1756.8521914522012,1807.784110868978,1813.7793
2013-12-20 18:50:00+01:00,1628.4906,1769.5541,2111.717,1662.720980574213,1696.5320725117315,1676.6454
2013-12-20 19:00:00+01:00,1499.522,1628.4906,1779.3567,1563.1597231573012,1613.2242901356349,1599.0923
2013-12-20 19:10:00+01:00,1488.8445,1499.522,1646.7855,1433.4344797786334,1437.0298347407565,1518.1212
2013-12-20 19:20:00+01:00,1333.2395,1488.8445,1603.5571,1383.771092004861,1398.7747752093471,1445.6094
2013-12-20 19:30:00+01:00,1216.8798,1333.2395,1615.1176,1271.848119373347,1320.6150333114863,1329.6228
2013-12-20 19:40:00+01:00,1138.0107,1216.8798,1460.6844,1169.543539503744,1254.187462647025,1250.5134
2013-12-20 19:50:00+01:00,1066.633,1138.0107,1215.1023,1083.645789070548,1165.036589430256,1158.5696
2013-12-20 20:00:00+01:00,1032.1316,1066.633,1214.4001,1016.7823623829047,1031.5338728924203,1073.9939
2013-12-20 20:10:00+01:00,1043.8257,1032.1316,1161.5159,980.2131237488682,1016.1032427798266,1028.4377
2013-12-20 20:20:00+01:00,1009.77686,1043.8257,1136.7039,982.1060013315227,993.3280386566786,1008.63367
2013-12-20 20:30:00+01:00,895.5724,1009.77686,980.24286,968.7953036391057,982.2401709069409,976.82056
2013-12-20 20:40:00+01:00,914.85645,895.5724,981.7706,898.4461844387552,931.0630846916505,921.604
2013-12-20 20:50:00+01:00,885.69586,914.85645,864.0384,888.2715448630855,924.9141836759059,910.4677
2013-12-20 21:00:00+01:00,917.4472,885.69586,888.75476,865.0002094959841,919.9543177455719,886.8763
2013-12-20 21:10:00+01:00,873.7311,917.4472,951.2629,884.3956031704677,921.540426619666,907.6562
2013-12-20 21:20:00+01:00,781.09576,873.7311,958.4625,861.1123797176157,908.8349458469611,881.01855
2013-12-20 21:30:00+01:00,800.3652,781.09576,939.4887,795.473064492279,818.2215278248347,832.6283
2013-12-20 21:40:00+01:00,801.47546,800.3652,860.53046,779.6764570634706,798.6561435940283,818.17
2013-12-20 21:50:00+01:00,840.07153,801.47546,897.7283,770.0607217832458,811.5923808553513,810.1352
2013-12-20 22:00:00+01:00,769.9396,840.07153,957.78143,793.6244680436955,831.3221515326491,832.29193
2013-12-20 22:10:00+01:00,678.9203,769.9396,1022.8386,753.6434570455953,782.754883745933,795.89325
2013-12-20 22:20:00+01:00,827.21454,678.9203,1007.32715,681.1090946681924,717.1051330197747,749.00165
2013-12-20 22:30:00+01:00,803.5616,827.21454,872.07306,744.3640704123774,775.3741857753515,790.034
2013-12-20 22:40:00+01:00,721.7792,803.5616,900.0308,749.5972898797961,781.6631517099048,805.4526
2013-12-20 22:50:00+01:00,781.7198,721.7792,856.51324,710.4728811760415,769.6150206297713,789.6876
2013-12-20 23:00:00+01:00,704.7132,781.7198,954.85394,729.4044457408277,756.6312076077215,756.396
2013-12-20 23:10:00+01:00,847.9294,704.7132,832.85535,686.804122236979,750.3761330269069,753.16766
2013-12-20 23:20:00+01:00,711.7118,847.9294,1034.738,773.6703123779183,779.4126369281562,833.6224
2013-12-20 23:30:00+01:00,733.27405,711.7118,898.3605,715.2654388091668,757.8384678468044,737.4314
2013-12-20 23:40:00+01:00,672.7558,733.27405,857.7,723.7971770316191,756.4809617906428,760.1755
2013-12-20 23:50:00+01:00,650.9423,672.7558,788.8826,680.9728746102016,708.117050644914,720.6367
2013-12-21 00:00:00+01:00,660.82275,650.9423,793.41846,664.2744355452795,686.0685724673184,689.9478
2013-12-21 00:10:00+01:00,704.2964,660.82275,802.67395,665.9357325443027,665.6071120800764,739.8673
2013-12-21 00:20:00+01:00,598.08527,704.2964,970.3756,700.0903149096196,726.6894246167867,767.45874
2013-12-21 00:30:00+01:00,612.6435,598.08527,1086.1816,648.6396848076389,651.4049849830724,762.3505
2013-12-21 00:40:00+01:00,574.4144,612.6435,1178.2339,643.6131218426078,648.6257060051366,808.845
2013-12-21 00:50:00+01:00,538.6332,574.4144,1167.1425,611.3155808674275,625.5315441160197,734.4673
2013-12-21 01:00:00+01:00,506.62985,538.6332,1200.1687,581.762205686694,572.5536272773819,668.37964
2013-12-21 01:10:00+01:00,487.7432,506.62985,1227.8322,546.6087463044622,526.953139410068,614.321
2013-12-21 01:20:00+01:00,479.391,487.7432,1264.9436,519.0796099339566,512.0326772265282,545.65875
2013-12-21 01:30:00+01:00,435.40778,479.391,1243.4852,499.998992175083,502.2079611139962,526.41907
2013-12-21 01:40:00+01:00,471.49017,435.40778,1213.6748,460.7490721726259,466.78186639905664,519.4048
2013-12-21 01:50:00+01:00,396.91702,471.49017,1388.9012,465.1263220893102,471.29950901072243,514.598
2013-12-21 02:00:00+01:00,348.55618,396.91702,1402.8792,411.6555236026927,427.73961251391455,474.33365
2013-12-21 02:10:00+01:00,479.28113,348.55618,1375.7229,360.1730478428037,409.177266487459,446.48135
2013-12-21 02:20:00+01:00,344.19623,479.28113,1477.2783,415.7795391288606,450.5930866757745,458.91306
2013-12-21 02:30:00+01:00,423.1674,344.19623,1262.0588,345.3283046955165,383.84978402158185,407.95386
2013-12-21 02:40:00+01:00,399.72092,423.1674,1308.4503,375.86970384831113,440.2777940538064,455.04807
2013-12-21 02:50:00+01:00,389.96762,399.72092,1143.7032,357.04245597046656,407.66861894253935,407.17734
2013-12-21 03:00:00+01:00,368.22296,389.96762,1071.742,352.14492123776665,410.8778489974509,425.84058
2013-12-21 03:10:00+01:00,400.01047,368.22296,950.45825,331.4409014210737,400.32420448190715,405.3383
2013-12-21 03:20:00+01:00,342.7416,400.01047,819.4922,345.3982479302433,420.6347623108943,387.6671
2013-12-21 03:30:00+01:00,298.15744,342.7416,844.0266,314.04300328813315,377.3134959493097,365.20364
2013-12-21 03:40:00+01:00,299.0245,298.15744,800.9031,278.52254519882104,365.16054865405033,330.35587
2013-12-21 03:50:00+01:00,308.54465,299.0245,761.3478,264.48324510197665,331.61975132235943,289.84555
2013-12-21 04:00:00+01:00,347.90204,308.54465,748.69446,267.94283197105335,321.8714849558143,289.4132
2013-12-21 04:10:00+01:00,346.21344,347.90204,551.52185,297.97082549891684,350.3991934365025,312.34225
2013-12-21 04:20:00+01:00,249.62515,346.21344,509.45538,309.09256927986326,342.4528068055864,308.49786
2013-12-21 04:30:00+01:00,243.95177,249.62515,415.669,253.45736051809763,273.7986441341394,264.47797
2013-12-21 04:40:00+01:00,255.19742,243.95177,363.91605,228.98707783495252,252.4698418189296,245.40509
2013-12-21 04:50:00+01:00,206.65225,255.19742,362.79395,223.0416896029085,253.54899488611343,234.92923
2013-12-21 05:00:00+01:00,213.54369,206.65225,357.975,193.1481439070203,228.0179045363705,211.11539
2013-12-21 05:10:00+01:00,264.47836,213.54369,336.81262,186.92924457524327,241.20452448326208,204.5404
2013-12-21 05:20:00+01:00,190.69513,264.47836,338.208,213.5520428708844,264.43228160213073,225.3138
2013-12-21 05:30:00+01:00,212.31595,190.69513,327.93304,177.17134775425052,224.2643298661698,196.55637
2013-12-21 05:40:00+01:00,240.70879,212.31595,336.60086,179.987387968373,242.566298177832,205.93442
2013-12-21 05:50:00+01:00,186.1605,240.70879,324.79605,193.90905508432934,233.15052355899383,217.50006
2013-12-21 06:00:00+01:00,223.51172,186.1605,311.83902,169.5123944662771,215.71471521720525,197.30673
2013-12-21 06:10:00+01:00,219.1896,223.51172,309.30615,188.0662375177219,227.3606023728369,216.89914
2013-12-21 06:20:00+01:00,205.64354,219.1896,316.28726,192.31537457549734,225.30947554947707,214.92117
2013-12-21 06:30:00+01:00,195.75175,205.64354,326.1621,195.13206661215645,228.2832672195969,214.8628
2013-12-21 06:40:00+01:00,246.69402,195.75175,346.54614,195.54222126236505,221.8255633003357,210.52989
2013-12-21 06:50:00+01:00,202.85002,246.69402,350.05704,236.96189112866546,239.34516018476162,240.28287
2013-12-21 07:00:00+01:00,217.66115,202.85002,344.203,233.9969888549333,242.20998619222857,222.79254
2013-12-21 07:10:00+01:00,227.7935,217.66115,326.7037,256.8538506018226,252.65008206839533,235.86237
2013-12-21 07:20:00+01:00,215.32538,227.7935,347.78857,279.4645330384535,250.20243755775027,242.60089
2013-12-21 07:30:00+01:00,221.06284,215.32538,394.3213,294.6673057721348,247.6922363474808,241.07434
2013-12-21 07:40:00+01:00,259.14685,221.06284,439.44778,316.05452884749093,262.56174433326163,247.50912
2013-12-21 07:50:00+01:00,272.075,259.14685,391.5675,358.826533510269,276.72468236490073,271.2447
2013-12-21 08:00:00+01:00,285.7214,272.075,382.19965,393.6866074676516,292.4928237018809,285.16232
2013-12-21 08:10:00+01:00,278.958,285.7214,400.974,425.4372692062715,311.39174136777524,301.85858
2013-12-21 08:20:00+01:00,278.19638,278.958,399.3366,438.60058630102003,309.58716382290794,305.6479
2013-12-21 08:30:00+01:00,231.95676,278.19638,401.4484,448.07077188228504,309.58716382290794,310.79208
2013-12-21 08:40:00+01:00,309.91586,231.95676,439.42477,423.8381566435463,276.61486503086184,287.20154
2013-12-21 08:50:00+01:00,275.5203,309.91586,491.4101,466.0420969325928,326.57482386784375,328.08426
2013-12-21 09:00:00+01:00,274.7701,275.5203,445.82846,454.80457419475226,321.17478206230857,309.93616
2013-12-21 09:10:00+01:00,374.76315,274.7701,484.93323,451.98193084128496,322.1163964811312,315.63776
2013-12-21 09:20:00+01:00,319.24484,374.76315,515.3965,504.06415991890225,373.0195924699039,371.60858
2013-12-21 09:30:00+01:00,368.69528,319.24484,474.1028,480.6667404616623,355.51165289400035,350.41986
2013-12-21 09:40:00+01:00,379.07684,368.69528,768.2842,500.21083427627195,402.2262936536447,389.42706
2013-12-21 09:50:00+01:00,361.63367,379.07684,748.21594,497.56171923462404,411.0094885990112,400.27377
2013-12-21 10:00:00+01:00,431.41107,361.63367,639.2022,480.803262424899,407.3818732093795,399.43054
2013-12-21 10:10:00+01:00,454.8043,431.41107,588.945,508.91271008337094,441.86200446451454,441.26538
2013-12-21 10:20:00+01:00,413.9554,454.8043,620.43134,524.1418801605191,468.0986280855646,460.13144
2013-12-21 10:30:00+01:00,484.30368,413.9554,597.79047,500.1409388646629,465.80352461233304,451.23834
2013-12-21 10:40:00+01:00,528.7535,484.30368,693.8274,529.0705844053043,492.81713356536756,494.60477
2013-12-21 10:50:00+01:00,653.6567,528.7535,707.0149,560.4498509621117,521.9509826616569,523.4404
2013-12-21 11:00:00+01:00,439.9082,653.6567,679.84155,653.645219175562,609.6925901214728,603.7467
2013-12-21 11:10:00+01:00,483.7058,439.9082,705.35443,547.3124907623207,525.8087710051882,514.67664
2013-12-21 11:20:00+01:00,482.59622,483.7058,659.68506,542.4020153307788,542.5837424763268,538.41766
2013-12-21 11:30:00+01:00,496.27115,482.59622,673.2972,526.0888987643426,526.6457688511355,521.95135
2013-12-21 11:40:00+01:00,505.2123,496.27115,741.5695,542.5560211868954,548.1574942977677,521.2205
2013-12-21 11:50:00+01:00,596.3699,505.2123,678.32306,554.6399108483499,543.2752103021758,524.0736
2013-12-21 12:00:00+01:00,616.4279,596.3699,828.5298,620.4211549367303,636.867521945003,574.9523
2013-12-21 12:10:00+01:00,672.27057,616.4279,741.0225,658.2105537350225,646.9935015376985,600.62
2013-12-21 12:20:00+01:00,606.2478,672.27057,742.0094,712.4262985476292,688.9010662344772,650.9389
2013-12-21 12:30:00+01:00,611.718,606.2478,828.84296,686.5836937470026,681.8824633746666,636.8803
2013-12-21 12:40:00+01:00,520.16656,611.718,772.13586,682.0887630982539,664.0460784599925,644.8722
2013-12-21 12:50:00+01:00,497.53125,520.16656,763.37067,614.4738113356369,597.2865849175449,591.42065
2013-12-21 13:00:00+01:00,499.46503,497.53125,809.38666,576.1724857373173,571.9451439905245,558.3088
2013-12-21 13:10:00+01:00,581.15454,499.46503,837.42535,554.9806363353152,573.5512453056248,535.3446
2013-12-21 13:20:00+01:00,552.1506,581.15454,890.184,597.0683560190788,640.2061941543831,565.0335
2013-12-21 13:30:00+01:00,646.7219,552.1506,772.16394,587.7679877782305,613.8049439051138,561.1039
2013-12-21 13:40:00+01:00,643.5367,646.7219,903.1142,641.7671125139816,672.9098108082626,623.16113
2013-12-21 13:50:00+01:00,555.04614,643.5367,814.9736,646.6421692083925,675.3589065891515,640.5538
2013-12-21 14:00:00+01:00,589.18256,555.04614,781.77594,590.6206222877831,629.69718418895,613.09656
2013-12-21 14:10:00+01:00,602.50653,589.18256,791.7343,582.6295071716407,650.2425707653287,621.22784
2013-12-21 14:20:00+01:00,520.00256,602.50653,836.3032,579.32362216558,659.9146756232662,615.6764
2013-12-21 14:30:00+01:00,454.6469,520.00256,848.4895,526.9618846782149,599.0788269438767,572.5642
2013-12-21 14:40:00+01:00,489.85046,454.6469,817.2457,463.6650743607404,566.620752577081,526.2649
2013-12-21 14:50:00+01:00,527.1475,489.85046,885.092,458.8670088061647,557.3478205242317,519.29694
2013-12-21 15:00:00+01:00,500.52725,527.1475,869.8704,482.21335591505687,562.2391869725515,528.5918
2013-12-21 15:10:00+01:00,549.468,500.52725,800.02094,479.76490402042594,559.8009631057907,523.84625
2013-12-21 15:20:00+01:00,474.72382,549.468,910.2664,513.5688351481634,594.7558243835246,554.02344
2013-12-21 15:30:00+01:00,481.09317,474.72382,800.96564,478.6908440937038,564.3253725972129,526.57605
2013-12-21 15:40:00+01:00,564.00806,481.09317,773.096,478.48677454536295,557.5826812029817,523.5311
2013-12-21 15:50:00+01:00,470.29813,564.00806,799.5276,530.4012973840692,593.9986184769614,554.5728
2013-12-21 16:00:00+01:00,507.5579,470.29813,829.6226,496.2183264309146,559.0012771398625,517.0357
2013-12-21 16:10:00+01:00,481.74786,507.5579,803.0583,515.0700185818249,559.6330882963136,530.8472
2013-12-21 16:20:00+01:00,476.9445,481.74786,761.5524,499.4445532643028,555.3688189842125,514.8992
2013-12-21 16:30:00+01:00,472.4902,476.9445,757.8198,497.4690120224711,549.472681438137,508.92902
2013-12-21 16:40:00+01:00,574.7181,472.4902,905.6818,490.24694662885224,540.5510996474297,502.16202
2013-12-21 16:50:00+01:00,477.47223,574.7181,983.652,551.353881856894,624.7497499528307,548.1256
2013-12-21 17:00:00+01:00,509.322,477.47223,914.25336,506.0247335442882,566.8266037983883,518.0199
2013-12-21 17:10:00+01:00,582.452,509.322,951.1093,509.45340290752335,557.514712684464,531.3023
2013-12-21 17:20:00+01:00,560.96,582.452,912.4818,541.0224060542782,638.1833698606399,562.50635
2013-12-21 17:30:00+01:00,488.48517,560.96,926.3304,535.3362168321024,614.5006519964747,565.2899
2013-12-21 17:40:00+01:00,541.77325,488.48517,1030.0837,479.68465288673417,572.2711446587263,537.36725
2013-12-21 17:50:00+01:00,444.57492,541.77325,918.74493,480.6362618841626,572.9219525284607,546.17316
2013-12-21 18:00:00+01:00,530.27124,444.57492,859.35614,406.9717031757392,512.9238886204004,496.59924
2013-12-21 18:10:00+01:00,533.8649,530.27124,846.76666,432.957423419345,560.3484749053142,522.95624
2013-12-21 18:20:00+01:00,513.35547,533.8649,792.77484,429.84376841691886,571.942120037892,524.1434
2013-12-21 18:30:00+01:00,471.74976,513.35547,805.49805,417.5694535975413,575.2902468638719,527.1142
2013-12-21 18:40:00+01:00,558.72833,471.74976,741.67206,378.6607562853954,567.4718387205677,507.51526
2013-12-21 18:50:00+01:00,478.33832,558.72833,746.28937,417.06602737534604,602.4767725742253,536.9773
2013-12-21 19:00:00+01:00,481.84167,478.33832,732.947,377.42066940142104,578.3429214440343,510.54227
2013-12-21 19:10:00+01:00,559.3179,481.84167,673.9713,373.06353304134643,547.2666724032651,508.68457
2013-12-21 19:20:00+01:00,554.10406,559.3179,674.0198,416.8538133990586,574.9134520004654,532.10785
2013-12-21 19:30:00+01:00,547.5673,554.10406,690.64264,437.2083046104841,603.2903257770756,550.43036
2013-12-21 19:40:00+01:00,554.0689,547.5673,702.5971,449.61286002384463,604.8170651422902,567.8697
2013-12-21 19:50:00+01:00,477.06857,554.0689,701.6575,461.45282959709004,609.2243154281232,571.8588
2013-12-21 20:00:00+01:00,460.978,477.06857,608.9525,423.6560900177285,561.7006380041706,546.3174
2013-12-21 20:10:00+01:00,512.95544,460.978,558.53076,408.22336617000406,534.7497030031079,523.584
2013-12-21 20:20:00+01:00,443.4748,512.95544,570.379,439.32928494870634,525.0473993079339,519.6461
2013-12-21 20:30:00+01:00,471.70853,443.4748,585.77795,414.6539205080006,518.8848728740943,501.1853
2013-12-21 20:40:00+01:00,444.98468,471.70853,753.88055,432.54435265349457,546.4877004784568,510.73788
2013-12-21 20:50:00+01:00,426.44876,444.98468,829.41925,420.3342244361263,506.24972681334236,489.395
2013-12-21 21:00:00+01:00,461.81088,426.44876,811.4068,411.28865070104746,517.1027201572127,495.59055
2013-12-21 21:10:00+01:00,464.07947,461.81088,859.1671,429.70597608046955,504.69559980088206,498.9041
2013-12-21 21:20:00+01:00,454.74393,464.07947,905.8044,437.997425647942,514.4899739973661,496.46704
2013-12-21 21:30:00+01:00,432.80283,454.74393,973.23865,436.3722930575907,533.8554904116678,514.08563
2013-12-21 21:40:00+01:00,455.832,432.80283,1064.5852,418.51474825548905,507.4935055978592,499.0552
2013-12-21 21:50:00+01:00,469.57806,455.832,1066.6947,424.0946127014356,504.0733397940451,497.53912
2013-12-21 22:00:00+01:00,430.80716,469.57806,1077.8643,431.58784332965797,509.6502635733714,515.20575
2013-12-21 22:10:00+01:00,462.619,430.80716,1038.1531,408.886038901815,508.9015123012846,503.18338
2013-12-21 22:20:00+01:00,474.33508,462.619,990.6329,418.86788061332163,514.0517156786194,503.42322
2013-12-21 22:30:00+01:00,472.1514,474.33508,972.8509,426.0623501221287,522.6105392520763,519.5728
2013-12-21 22:40:00+01:00,466.91733,472.1514,1017.91833,429.850683567813,533.9867914851282,541.69617
2013-12-21 22:50:00+01:00,535.29535,466.91733,1012.8221,427.6005819890702,530.8558389905513,533.14886
2013-12-21 23:00:00+01:00,518.03986,535.29535,1121.0597,471.68662108172134,551.4783912791224,569.2489
2013-12-21 23:10:00+01:00,441.86853,518.03986,969.0971,478.7060340335147,572.8814987902232,594.42596
2013-12-21 23:20:00+01:00,385.2778,441.86853,898.67096,439.6538624852276,532.8279168347852,563.7478
2013-12-21 23:30:00+01:00,364.363,385.2778,858.81464,390.7399939661643,486.32848421029047,497.03497
2013-12-21 23:40:00+01:00,409.0308,364.363,943.5049,362.72129755075525,430.6813278026113,449.98712
2013-12-21 23:50:00+01:00,324.79208,409.0308,856.8149,387.61426755039815,451.4981044222266,441.57904
2013-12-22 00:00:00+01:00,464.2636,324.79208,957.72675,349.2090955285378,400.17034396555124,397.4731
2013-12-22 00:10:00+01:00,556.527,464.2636,1134.3608,432.91775675704775,483.2119514180171,496.63837
2013-12-22 00:20:00+01:00,559.4772,556.527,1129.5073,519.4661598812236,518.7274324564054,710.053
2013-12-22 00:30:00+01:00,679.31744,559.4772,1247.9141,564.7980080254079,573.9533767300755,811.4838
2013-12-22 00:40:00+01:00,820.9844,679.31744,1277.8326,657.5181469616291,694.100179939661,830.067
2013-12-22 00:50:00+01:00,884.4169,820.9844,1365.8702,777.3021438413718,786.7786498828702,868.09094
2013-12-22 01:00:00+01:00,1037.0502,884.4169,1628.2661,864.370311902022,956.0535852679519,942.8297
2013-12-22 01:10:00+01:00,994.9923,1037.0502,1455.8026,991.7379406601397,1227.8928152721762,1041.2596
2013-12-22 01:20:00+01:00,1163.591,994.9923,1502.3126,1002.8579490785603,1205.552770084326,1081.6323
2013-12-22 01:30:00+01:00,957.0945,1163.591,1743.5912,1114.7013569069059,1349.18352229787,1222.4095
2013-12-22 01:40:00+01:00,955.59314,957.0945,1844.5757,1008.1097312255285,1084.122016262266,1138.8389
2013-12-22 01:50:00+01:00,995.63904,955.59314,1706.7008,974.1966039652617,980.9609468085972,1078.9127
2013-12-22 02:00:00+01:00,985.51965,995.63904,1746.5259,965.5823606713786,1006.1418278981556,1031.8264
2013-12-22 02:10:00+01:00,1118.0166,985.51965,1646.8628,959.4880901174834,1030.9693087711748,1012.23804
2013-12-22 02:20:00+01:00,1052.2269,1118.0166,1613.2202,1038.987344219615,1132.3511319373026,1072.6676
2013-12-22 02:30:00+01:00,1061.6437,1052.2269,1639.296,1018.0328593510067,1048.5391976280252,1049.6128
2013-12-22 02:40:00+01:00,835.6274,1061.6437,1669.6034,1019.7915205646293,1058.2463138785067,1069.9363
2013-12-22 02:50:00+01:00,1041.6499,835.6274,1530.8673,864.5298211657846,846.0601933499698,938.014
2013-12-22 03:00:00+01:00,999.20844,1041.6499,1597.003,943.940125037569,985.2356596178149,967.7598
2013-12-22 03:10:00+01:00,820.4097,999.20844,1529.9922,933.0354163384416,999.9419211882408,935.39764
2013-12-22 03:20:00+01:00,755.2863,820.4097,1255.3954,834.4563884286652,806.0458592859958,862.3493
2013-12-22 03:30:00+01:00,766.4913,755.2863,1241.6432,748.639423677002,744.8654626097621,749.16516
2013-12-22 03:40:00+01:00,650.0859,766.4913,1205.5676,721.0192778341175,718.5688655980232,690.87537
2013-12-22 03:50:00+01:00,542.87256,650.0859,1061.059,643.475754370483,645.9723074305946,621.7203
2013-12-22 04:00:00+01:00,566.58,542.87256,935.52203,553.0975591730614,517.9010320037946,518.56274
2013-12-22 04:10:00+01:00,569.7812,566.58,910.7273,532.6298949522516,529.9233060120895,469.60507
2013-12-22 04:20:00+01:00,532.1656,569.7812,852.82806,528.9822210367397,532.0291271771642,459.40472
2013-12-22 04:30:00+01:00,370.3822,532.1656,814.0934,510.2630481521753,516.0061359318069,444.7983
2013-12-22 04:40:00+01:00,393.52292,370.3822,714.88165,399.7357628218888,409.7426555978215,341.9149
2013-12-22 04:50:00+01:00,431.68192,393.52292,592.069,373.9643623283407,405.76088079685206,323.91473
2013-12-22 05:00:00+01:00,362.13434,431.68192,570.1553,382.89104170187625,395.01043505511683,332.8644
2013-12-22 05:10:00+01:00,220.06572,362.13434,394.24496,348.61903558392305,365.3359891718751,306.61023
2013-12-22 05:20:00+01:00,183.95947,220.06572,274.62695,245.5485476283818,268.9196462521138,222.78326
2013-12-22 05:30:00+01:00,186.99693,183.95947,243.25465,180.84328505086341,220.54801351264132,178.16078
2013-12-22 05:40:00+01:00,184.61205,186.99693,240.17557,156.3136013662713,184.9434888040611,165.67813
2013-12-22 05:50:00+01:00,196.37656,184.61205,213.4386,151.12089099393802,181.3200882355816,163.36395
2013-12-22 06:00:00+01:00,167.44131,196.37656,206.18684,160.02492281093078,186.33026462529102,171.02695
2013-12-22 06:10:00+01:00,171.16751,167.44131,213.62038,147.19161712519076,194.27474769086774,157.12268
2013-12-22 06:20:00+01:00,191.29349,171.16751,220.38985,150.07695876427601,184.46719240548424,160.36594
2013-12-22 06:30:00+01:00,161.44586,191.29349,263.175,168.06088199037458,185.00377403359582,172.17686
2013-12-22 06:40:00+01:00,170.60727,161.44586,252.20763,164.252302054226,198.15621870290255,159.07375
2013-12-22 06:50:00+01:00,174.6964,170.60727,241.43233,178.7183259657836,192.99351849249,165.27457
2013-12-22 07:00:00+01:00,181.15367,174.6964,302.59894,194.67700491532628,203.5122052513212,167.66682
2013-12-22 07:10:00+01:00,198.82335,181.15367,264.28268,217.74270738019504,198.30967568335922,174.82361
2013-12-22 07:20:00+01:00,179.38576,198.82335,218.83359,249.2946593234194,194.7615508679505,188.63438
2013-12-22 07:30:00+01:00,180.7942,179.38576,234.37657,260.73060430084047,202.70603393352715,182.20929
2013-12-22 07:40:00+01:00,190.4184,180.7942,214.09871,278.77546737252123,206.07889130071737,185.804
2013-12-22 07:50:00+01:00,172.81429,190.4184,223.05412,301.5629374861021,202.4554907322379,192.44719
2013-12-22 08:00:00+01:00,196.85368,172.81429,224.95204,310.0633618261413,210.39997379781457,185.07632
2013-12-22 08:10:00+01:00,315.68027,196.85368,240.8789,338.1801638408533,204.52961558174212,200.18044
2013-12-22 08:20:00+01:00,185.09996,315.68027,253.77219,430.2513774158483,268.44469083440276,272.4718
2013-12-22 08:30:00+01:00,205.30139,185.09996,260.22684,386.00508812985595,223.37336419034457,212.67114
2013-12-22 08:40:00+01:00,277.99747,205.30139,272.85062,390.94165404878106,230.98087783491823,227.9296
2013-12-22 08:50:00+01:00,269.70776,277.99747,264.0875,428.5528937522523,266.2234835492294,264.98453
2013-12-22 09:00:00+01:00,229.31062,269.70776,310.00616,441.1135719677715,286.6324677439115,268.6869
2013-12-22 09:10:00+01:00,251.14209,229.31062,267.5632,418.1434923839284,259.8500456768744,254.1719
2013-12-22 09:20:00+01:00,241.251,251.14209,275.02362,414.67859495637686,273.5834231419469,265.3548
2013-12-22 09:30:00+01:00,260.74567,241.251,284.0787,398.18541418440714,253.50627434530662,259.34464
2013-12-22 09:40:00+01:00,289.55267,260.74567,301.4908,399.10266916734116,279.1781533538017,271.2938
2013-12-22 09:50:00+01:00,317.6177,289.55267,383.18665,407.2600389292647,305.71349344503994,289.31915
2013-12-22 10:00:00+01:00,268.85623,317.6177,374.5168,420.0501432656992,329.1307001897022,312.00674
2013-12-22 10:10:00+01:00,294.92975,268.85623,403.27124,384.80925426553415,313.3102210908263,294.1989
2013-12-22 10:20:00+01:00,320.86197,294.92975,325.87305,381.0224257617356,317.2426404204747,310.5211
2013-12-22 10:30:00+01:00,332.9196,320.86197,373.0206,385.69830269471566,329.1307001897022,324.92963
2013-12-22 10:40:00+01:00,343.0651,332.9196,421.31763,392.6022346940532,341.55153195477703,336.87534
2013-12-22 10:50:00+01:00,319.6543,343.0651,408.50287,397.3682245492578,339.90529293221067,348.74872
2013-12-22 11:00:00+01:00,393.04242,319.6543,397.17484,380.88595516493154,338.4153772019299,341.39432
2013-12-22 11:10:00+01:00,390.87643,393.04242,385.79175,420.95741766317883,390.32280322811823,383.24518
2013-12-22 11:20:00+01:00,340.58954,390.87643,384.03326,432.30428820753207,386.4775538002029,389.39203
2013-12-22 11:30:00+01:00,336.16986,340.58954,437.61188,409.8991045383507,376.32495964201786,371.7244
2013-12-22 11:40:00+01:00,408.23965,336.16986,468.27182,398.1893274574682,371.3691411858781,366.39572
2013-12-22 11:50:00+01:00,390.3639,408.23965,460.2288,440.5741195228587,414.3642280097672,399.342
2013-12-22 12:00:00+01:00,392.3363,390.3639,461.26984,448.48789818440883,396.10459956541615,395.16162
2013-12-22 12:10:00+01:00,410.13565,392.3363,452.10324,458.2789146310403,408.8138612698144,403.42822
2013-12-22 12:20:00+01:00,415.60223,410.13565,521.8203,470.6756921421396,427.3971118916165,416.23862
2013-12-22 12:30:00+01:00,443.78906,415.60223,455.24353,479.88677214354254,427.1525086079779,423.72223
2013-12-22 12:40:00+01:00,465.2193,443.78906,515.86554,501.1838403705088,448.8331710045526,442.76193
2013-12-22 12:50:00+01:00,453.282,465.2193,524.98615,519.7912183630214,479.72350337472824,459.97543
2013-12-22 13:00:00+01:00,546.5487,453.282,568.15857,516.3637102551182,492.69967317758744,462.002
2013-12-22 13:10:00+01:00,502.9173,546.5487,545.48944,570.0078635326996,527.8024722543436,515.4949
2013-12-22 13:20:00+01:00,499.919,502.9173,521.9416,553.6598135124232,512.7761259444482,506.11572
2013-12-22 13:30:00+01:00,481.3729,499.919,584.49896,544.4250165469512,537.8007423452452,512.15704
2013-12-22 13:40:00+01:00,523.12317,481.3729,544.5051,516.3942894698848,519.9685413714873,500.9417
2013-12-22 13:50:00+01:00,493.44873,523.12317,576.538,528.0715829037088,540.1476952021521,516.7291
2013-12-22 14:00:00+01:00,613.05676,493.44873,608.8552,505.7175673981843,528.2292759905653,502.74646
2013-12-22 14:10:00+01:00,622.08905,613.05676,574.1189,571.1078521892646,598.9020643641481,564.1202
2013-12-22 14:20:00+01:00,585.4621,622.08905,597.566,591.4287222380799,619.9522791202357,584.7627
2013-12-22 14:30:00+01:00,575.93835,585.4621,545.3737,578.0823603409225,629.0523944554211,586.4226
2013-12-22 14:40:00+01:00,565.0086,575.93835,583.58545,560.230238781683,636.3167232970465,585.33044
2013-12-22 14:50:00+01:00,508.62466,565.0086,579.2563,544.0905530310373,600.0836985749942,573.651
2013-12-22 15:00:00+01:00,573.56366,508.62466,614.3338,504.1977593183386,556.8971899961767,536.6306
2013-12-22 15:10:00+01:00,540.985,573.56366,660.3101,533.7687989665543,590.0547843173989,553.59766
2013-12-22 15:20:00+01:00,499.356,540.985,630.14026,524.2762182335902,568.8476376180583,537.6386
2013-12-22 15:30:00+01:00,538.56976,499.356,688.50806,503.79753340835975,551.4834721693593,518.6454
2013-12-22 15:40:00+01:00,542.69696,538.56976,669.74835,521.9280021469777,573.444521685697,530.4077
2013-12-22 15:50:00+01:00,526.4454,542.69696,756.39374,534.9125255991113,577.5170927980652,532.39874
2013-12-22 16:00:00+01:00,529.1866,526.4454,651.9961,536.8281865962294,573.0652214512698,528.5601
2013-12-22 16:10:00+01:00,572.53143,529.1866,682.15405,541.1471583490694,568.1186105856968,528.0937
2013-12-22 16:20:00+01:00,532.5491,572.53143,642.48474,571.6975276921588,595.7429738003923,548.13074
2013-12-22 16:30:00+01:00,580.4257,532.5491,780.3023,558.39862103849,602.917862366992,534.95215
2013-12-22 16:40:00+01:00,647.1941,580.4257,733.30145,585.4162152360291,627.8008744475953,557.14307
2013-12-22 16:50:00+01:00,558.88586,647.1941,663.22687,631.1898699500598,637.4427534152412,593.4257
2013-12-22 17:00:00+01:00,547.6403,558.88586,705.73474,590.1999731518362,608.5084732064216,565.3439
2013-12-22 17:10:00+01:00,564.81726,547.6403,798.0474,563.7081677584441,591.0502376161469,554.26935
2013-12-22 17:20:00+01:00,590.0939,564.81726,650.05164,551.0372636026441,584.3880980852077,549.2609
2013-12-22 17:30:00+01:00,563.39,590.0939,698.8135,557.5035075027151,623.4681982682619,559.45746
2013-12-22 17:40:00+01:00,624.62726,563.39,645.9126,534.6612403979233,582.4865623761078,550.7309
2013-12-22 17:50:00+01:00,532.387,624.62726,818.24664,556.7294089818042,618.973964063916,578.70746
2013-12-22 18:00:00+01:00,516.37805,532.387,638.77576,493.7176517348711,549.8523808198958,539.40375
2013-12-22 18:10:00+01:00,556.71545,516.37805,683.17944,456.78416346100687,564.1843092137734,523.0639
2013-12-22 18:20:00+01:00,513.04004,556.71545,632.7707,455.16715226378113,583.5992600357941,526.618
2013-12-22 18:30:00+01:00,496.24185,513.04004,644.23303,423.71023440455747,552.4681611854325,505.81723
2013-12-22 18:40:00+01:00,521.32025,496.24185,650.6838,400.0989631884677,545.374850891105,494.57538
2013-12-22 18:50:00+01:00,449.22076,521.32025,616.4276,401.61339488083996,548.0389790472142,495.94077
2013-12-22 19:00:00+01:00,456.61038,449.22076,640.2411,356.5925401445727,512.0943463792198,460.48196
2013-12-22 19:10:00+01:00,406.3913,456.61038,659.4586,348.9445289053591,522.7712324363248,454.72333
2013-12-22 19:20:00+01:00,376.7385,406.3913,565.1807,312.9950610524616,462.1534413073755,417.12393
2013-12-22 19:30:00+01:00,331.3848,376.7385,529.30023,289.7894260199695,432.58127169829703,392.06934
2013-12-22 19:40:00+01:00,360.7096,331.3848,547.7617,256.1496819577809,371.639952436594,354.31876
2013-12-22 19:50:00+01:00,288.14633,360.7096,470.5585,270.95336440225003,362.9958884775341,353.29767
2013-12-22 20:00:00+01:00,307.3615,288.14633,434.20987,236.31392386378934,324.369681636781,314.27875
2013-12-22 20:10:00+01:00,340.1692,307.3615,452.106,247.31853104063578,328.96293611847,314.65625
2013-12-22 20:20:00+01:00,283.19955,340.1692,438.8974,274.620117852298,321.75021290363577,322.70334
2013-12-22 20:30:00+01:00,283.03537,283.19955,382.85544,258.08828085073276,297.1805020689493,304.48383
2013-12-22 20:40:00+01:00,243.07599,283.03537,413.78156,258.2695956007286,295.90190767118946,299.9445
2013-12-22 20:50:00+01:00,211.0859,243.07599,382.25467,232.8563675260632,249.79847317184857,266.50452
2013-12-22 21:00:00+01:00,229.33755,211.0859,385.32986,208.78010321961938,240.1092907382039,241.83597
2013-12-22 21:10:00+01:00,252.6313,229.33755,400.95374,211.65693534982302,233.35526802291713,234.5498
2013-12-22 21:20:00+01:00,232.55634,252.6313,363.7835,227.95754369124597,249.96471773247998,240.70474
2013-12-22 21:30:00+01:00,243.38852,232.55634,383.62607,222.0689917944535,235.973930029439,242.73691
2013-12-22 21:40:00+01:00,239.44942,243.38852,384.9312,225.4236563380132,241.16809861080924,250.25684
2013-12-22 21:50:00+01:00,226.13972,239.44942,399.53265,219.76638746747562,234.41407589552247,245.87524
2013-12-22 22:00:00+01:00,218.93285,226.13972,403.28845,208.04381711022097,234.41407589552247,241.44328
2013-12-22 22:10:00+01:00,234.47743,218.93285,367.34882,196.20168817054503,234.41407589552247,229.56325
2013-12-22 22:20:00+01:00,231.87494,234.47743,330.274,199.500370149829,233.20459096341662,226.68863
2013-12-22 22:30:00+01:00,213.88354,231.87494,340.20813,197.85980573415918,231.55721910812863,227.12024
2013-12-22 22:40:00+01:00,209.93727,213.88354,359.22537,186.3715383319509,233.7117809875484,221.19513
2013-12-22 22:50:00+01:00,209.09283,209.93727,403.98978,179.68847468165404,229.16857468778724,212.32602
2013-12-22 23:00:00+01:00,213.3054,209.09283,329.93433,177.86771058155682,225.80452787626163,206.0372
2013-12-22 23:10:00+01:00,238.21701,213.3054,344.04843,183.39247105877962,226.3117179003934,206.74478
2013-12-22 23:20:00+01:00,188.37274,238.21701,329.43475,205.24214122482385,224.60026991027928,218.28291
2013-12-22 23:30:00+01:00,219.61612,188.37274,298.9654,185.86188847314475,210.8668836142918,199.55319
2013-12-22 23:40:00+01:00,247.00484,219.61612,283.50647,205.26201507459132,228.58401293318445,211.61497
2013-12-22 23:50:00+01:00,202.41368,247.00484,252.53775,231.59766881291898,219.94244748181018,218.59396
